id,firstname,lastname,email,email2,profession
100,Florie,Rolf,Florie.Rolf@yopmail.com,Florie.Rolf@gmail.com,worker
101,Devina,Lauraine,Devina.Lauraine@yopmail.com,Devina.Lauraine@gmail.com,doctor
102,Cordi,Publia,Cordi.Publia@yopmail.com,Cordi.Publia@gmail.com,worker
103,Brana,Zrike,Brana.Zrike@yopmail.com,Brana.Zrike@gmail.com,police officer
104,Nadine,Mata,Nadine.Mata@yopmail.com,Nadine.Mata@gmail.com,firefighter
105,Mureil,Cleo,Mureil.Cleo@yopmail.com,Mureil.Cleo@gmail.com,firefighter
106,Mariele,Parette,Mariele.Parette@yopmail.com,Mariele.Parette@gmail.com,developer
107,Rayna,Jethro,Rayna.Jethro@yopmail.com,Rayna.Jethro@gmail.com,firefighter
108,Mildrid,Laurianne,Mildrid.Laurianne@yopmail.com,Mildrid.Laurianne@gmail.com,doctor
109,Stevana,Arvo,Stevana.Arvo@yopmail.com,Stevana.Arvo@gmail.com,worker
110,Nerta,Bevin,Nerta.Bevin@yopmail.com,Nerta.Bevin@gmail.com,firefighter
111,Anthia,Bivins,Anthia.Bivins@yopmail.com,Anthia.Bivins@gmail.com,firefighter
112,Nataline,Concha,Nataline.Concha@yopmail.com,Nataline.Concha@gmail.com,doctor
113,Gisela,Goddard,Gisela.Goddard@yopmail.com,Gisela.Goddard@gmail.com,developer
114,Coral,Lissi,Coral.Lissi@yopmail.com,Coral.Lissi@gmail.com,police officer
115,Ezmeralda,Sadowski,Ezmeralda.Sadowski@yopmail.com,Ezmeralda.Sadowski@gmail.com,developer
116,Maryellen,Slifka,Maryellen.Slifka@yopmail.com,Maryellen.Slifka@gmail.com,worker
117,Cathie,Gusella,Cathie.Gusella@yopmail.com,Cathie.Gusella@gmail.com,doctor
118,Shaylyn,Sperling,Shaylyn.Sperling@yopmail.com,Shaylyn.Sperling@gmail.com,worker
119,Clementine,Erlandson,Clementine.Erlandson@yopmail.com,Clementine.Erlandson@gmail.com,doctor
120,Shandie,Romelda,Shandie.Romelda@yopmail.com,Shandie.Romelda@gmail.com,doctor
121,Gabriellia,Khorma,Gabriellia.Khorma@yopmail.com,Gabriellia.Khorma@gmail.com,firefighter
122,Minne,Lauraine,Minne.Lauraine@yopmail.com,Minne.Lauraine@gmail.com,doctor
123,Elfreda,Meli,Elfreda.Meli@yopmail.com,Elfreda.Meli@gmail.com,firefighter
124,Maud,Melleta,Maud.Melleta@yopmail.com,Maud.Melleta@gmail.com,developer
125,Corry,Kathie,Corry.Kathie@yopmail.com,Corry.Kathie@gmail.com,firefighter
126,Alexine,Albertine,Alexine.Albertine@yopmail.com,Alexine.Albertine@gmail.com,developer
127,Pierette,Merell,Pierette.Merell@yopmail.com,Pierette.Merell@gmail.com,developer
128,Marsiella,Hurley,Marsiella.Hurley@yopmail.com,Marsiella.Hurley@gmail.com,firefighter
129,Dulce,Bertold,Dulce.Bertold@yopmail.com,Dulce.Bertold@gmail.com,police officer
130,Lorie,Nadia,Lorie.Nadia@yopmail.com,Lorie.Nadia@gmail.com,firefighter
131,Jolyn,Jefferey,Jolyn.Jefferey@yopmail.com,Jolyn.Jefferey@gmail.com,police officer
132,Joleen,Nicoline,Joleen.Nicoline@yopmail.com,Joleen.Nicoline@gmail.com,developer
133,Letizia,Willie,Letizia.Willie@yopmail.com,Letizia.Willie@gmail.com,firefighter
134,Dania,Daegal,Dania.Daegal@yopmail.com,Dania.Daegal@gmail.com,developer
135,Jessy,Emerson,Jessy.Emerson@yopmail.com,Jessy.Emerson@gmail.com,developer
136,Morganica,Ackerley,Morganica.Ackerley@yopmail.com,Morganica.Ackerley@gmail.com,developer
137,Ethel,Burnside,Ethel.Burnside@yopmail.com,Ethel.Burnside@gmail.com,developer
138,Mara,Hollingsworth,Mara.Hollingsworth@yopmail.com,Mara.Hollingsworth@gmail.com,police officer
139,Di,Dominy,Di.Dominy@yopmail.com,Di.Dominy@gmail.com,police officer
140,Pearline,Lilybelle,Pearline.Lilybelle@yopmail.com,Pearline.Lilybelle@gmail.com,firefighter
141,Peri,Garrison,Peri.Garrison@yopmail.com,Peri.Garrison@gmail.com,developer
142,Kary,Bibi,Kary.Bibi@yopmail.com,Kary.Bibi@gmail.com,police officer
143,Kylynn,Tayib,Kylynn.Tayib@yopmail.com,Kylynn.Tayib@gmail.com,worker
144,Jessy,Ferino,Jessy.Ferino@yopmail.com,Jessy.Ferino@gmail.com,police officer
145,Charissa,Swanhildas,Charissa.Swanhildas@yopmail.com,Charissa.Swanhildas@gmail.com,worker
146,June,Podvin,June.Podvin@yopmail.com,June.Podvin@gmail.com,developer
147,Mathilda,Bord,Mathilda.Bord@yopmail.com,Mathilda.Bord@gmail.com,developer
148,Lolita,Love,Lolita.Love@yopmail.com,Lolita.Love@gmail.com,worker
149,Arlina,Juliet,Arlina.Juliet@yopmail.com,Arlina.Juliet@gmail.com,worker
150,Eadie,Grosz,Eadie.Grosz@yopmail.com,Eadie.Grosz@gmail.com,doctor
151,Aaren,McAdams,Aaren.McAdams@yopmail.com,Aaren.McAdams@gmail.com,developer
152,Berget,Pauly,Berget.Pauly@yopmail.com,Berget.Pauly@gmail.com,police officer
153,Hayley,Milde,Hayley.Milde@yopmail.com,Hayley.Milde@gmail.com,developer
154,Layla,Kalinda,Layla.Kalinda@yopmail.com,Layla.Kalinda@gmail.com,developer
155,Fina,Cressida,Fina.Cressida@yopmail.com,Fina.Cressida@gmail.com,developer
156,Eve,Pozzy,Eve.Pozzy@yopmail.com,Eve.Pozzy@gmail.com,developer
157,Tani,Adrienne,Tani.Adrienne@yopmail.com,Tani.Adrienne@gmail.com,firefighter
158,Nannie,McGrody,Nannie.McGrody@yopmail.com,Nannie.McGrody@gmail.com,developer
159,Bettine,Kaja,Bettine.Kaja@yopmail.com,Bettine.Kaja@gmail.com,firefighter
160,Celestyna,Raimondo,Celestyna.Raimondo@yopmail.com,Celestyna.Raimondo@gmail.com,firefighter
161,Johna,Rurik,Johna.Rurik@yopmail.com,Johna.Rurik@gmail.com,firefighter
162,Tabbatha,Wallis,Tabbatha.Wallis@yopmail.com,Tabbatha.Wallis@gmail.com,firefighter
163,Eolanda,Tengdin,Eolanda.Tengdin@yopmail.com,Eolanda.Tengdin@gmail.com,doctor
164,Renie,Forrer,Renie.Forrer@yopmail.com,Renie.Forrer@gmail.com,worker
165,Jasmina,Iphlgenia,Jasmina.Iphlgenia@yopmail.com,Jasmina.Iphlgenia@gmail.com,doctor
166,Gui,Lowry,Gui.Lowry@yopmail.com,Gui.Lowry@gmail.com,police officer
167,Corly,Ashok,Corly.Ashok@yopmail.com,Corly.Ashok@gmail.com,doctor
168,Deirdre,Lesley,Deirdre.Lesley@yopmail.com,Deirdre.Lesley@gmail.com,worker
169,Berta,Hedve,Berta.Hedve@yopmail.com,Berta.Hedve@gmail.com,developer
170,Emilia,Japeth,Emilia.Japeth@yopmail.com,Emilia.Japeth@gmail.com,doctor
171,Noelle,Hazlett,Noelle.Hazlett@yopmail.com,Noelle.Hazlett@gmail.com,firefighter
172,Jorry,Voletta,Jorry.Voletta@yopmail.com,Jorry.Voletta@gmail.com,worker
173,Caryl,Madaih,Caryl.Madaih@yopmail.com,Caryl.Madaih@gmail.com,doctor
174,Joane,Henrie,Joane.Henrie@yopmail.com,Joane.Henrie@gmail.com,developer
175,Cecile,Aldric,Cecile.Aldric@yopmail.com,Cecile.Aldric@gmail.com,police officer
176,Justinn,Olympium,Justinn.Olympium@yopmail.com,Justinn.Olympium@gmail.com,police officer
177,Glynnis,Septima,Glynnis.Septima@yopmail.com,Glynnis.Septima@gmail.com,firefighter
178,Dotty,Dorcy,Dotty.Dorcy@yopmail.com,Dotty.Dorcy@gmail.com,worker
179,Joleen,Berne,Joleen.Berne@yopmail.com,Joleen.Berne@gmail.com,firefighter
180,Amara,Sibyls,Amara.Sibyls@yopmail.com,Amara.Sibyls@gmail.com,worker
181,Kristina,Hepsibah,Kristina.Hepsibah@yopmail.com,Kristina.Hepsibah@gmail.com,police officer
182,Nannie,Bow,Nannie.Bow@yopmail.com,Nannie.Bow@gmail.com,doctor
183,Dominga,Chick,Dominga.Chick@yopmail.com,Dominga.Chick@gmail.com,worker
184,Ira,Goldina,Ira.Goldina@yopmail.com,Ira.Goldina@gmail.com,worker
185,Julieta,Yerkovich,Julieta.Yerkovich@yopmail.com,Julieta.Yerkovich@gmail.com,firefighter
186,Cam,Ramona,Cam.Ramona@yopmail.com,Cam.Ramona@gmail.com,firefighter
187,Joleen,Goddard,Joleen.Goddard@yopmail.com,Joleen.Goddard@gmail.com,doctor
188,Brooks,Horan,Brooks.Horan@yopmail.com,Brooks.Horan@gmail.com,firefighter
189,Averyl,Vilma,Averyl.Vilma@yopmail.com,Averyl.Vilma@gmail.com,worker
190,Vere,Land,Vere.Land@yopmail.com,Vere.Land@gmail.com,doctor
191,Kimberley,Buttaro,Kimberley.Buttaro@yopmail.com,Kimberley.Buttaro@gmail.com,worker
192,Corly,Tippets,Corly.Tippets@yopmail.com,Corly.Tippets@gmail.com,police officer
193,Leona,Ochs,Leona.Ochs@yopmail.com,Leona.Ochs@gmail.com,worker
194,Kamilah,Casimir,Kamilah.Casimir@yopmail.com,Kamilah.Casimir@gmail.com,developer
195,Clarice,Leary,Clarice.Leary@yopmail.com,Clarice.Leary@gmail.com,firefighter
196,Joeann,Colbert,Joeann.Colbert@yopmail.com,Joeann.Colbert@gmail.com,doctor
197,Ernesta,Annabella,Ernesta.Annabella@yopmail.com,Ernesta.Annabella@gmail.com,doctor
198,Lindie,Fax,Lindie.Fax@yopmail.com,Lindie.Fax@gmail.com,firefighter
199,Sindee,Rocray,Sindee.Rocray@yopmail.com,Sindee.Rocray@gmail.com,police officer
200,Albertina,Melleta,Albertina.Melleta@yopmail.com,Albertina.Melleta@gmail.com,worker
201,Vanessa,Rodmann,Vanessa.Rodmann@yopmail.com,Vanessa.Rodmann@gmail.com,doctor
202,Kary,Wolfgram,Kary.Wolfgram@yopmail.com,Kary.Wolfgram@gmail.com,firefighter
203,Jorry,Georgy,Jorry.Georgy@yopmail.com,Jorry.Georgy@gmail.com,firefighter
204,Leeanne,Carri,Leeanne.Carri@yopmail.com,Leeanne.Carri@gmail.com,firefighter
205,Cam,Bury,Cam.Bury@yopmail.com,Cam.Bury@gmail.com,developer
206,Romona,Nahum,Romona.Nahum@yopmail.com,Romona.Nahum@gmail.com,developer
207,Teddie,Whittaker,Teddie.Whittaker@yopmail.com,Teddie.Whittaker@gmail.com,worker
208,Celene,Bates,Celene.Bates@yopmail.com,Celene.Bates@gmail.com,worker
209,Tiffie,Johnsson,Tiffie.Johnsson@yopmail.com,Tiffie.Johnsson@gmail.com,doctor
210,Briney,Franza,Briney.Franza@yopmail.com,Briney.Franza@gmail.com,doctor
211,Joceline,Pattin,Joceline.Pattin@yopmail.com,Joceline.Pattin@gmail.com,firefighter
212,Hermione,Vernier,Hermione.Vernier@yopmail.com,Hermione.Vernier@gmail.com,doctor
213,Feliza,Vastah,Feliza.Vastah@yopmail.com,Feliza.Vastah@gmail.com,doctor
214,Brianna,Manolo,Brianna.Manolo@yopmail.com,Brianna.Manolo@gmail.com,doctor
215,Reeba,Redmond,Reeba.Redmond@yopmail.com,Reeba.Redmond@gmail.com,police officer
216,Alameda,Maurine,Alameda.Maurine@yopmail.com,Alameda.Maurine@gmail.com,firefighter
217,Jaime,Alcott,Jaime.Alcott@yopmail.com,Jaime.Alcott@gmail.com,police officer
218,Andree,Mich,Andree.Mich@yopmail.com,Andree.Mich@gmail.com,developer
219,Meg,Hull,Meg.Hull@yopmail.com,Meg.Hull@gmail.com,police officer
220,Clo,Shaddock,Clo.Shaddock@yopmail.com,Clo.Shaddock@gmail.com,police officer
221,Frieda,Borrell,Frieda.Borrell@yopmail.com,Frieda.Borrell@gmail.com,doctor
222,Elmira,Telfer,Elmira.Telfer@yopmail.com,Elmira.Telfer@gmail.com,police officer
223,Jessy,Kamaria,Jessy.Kamaria@yopmail.com,Jessy.Kamaria@gmail.com,worker
224,Clementine,Bultman,Clementine.Bultman@yopmail.com,Clementine.Bultman@gmail.com,police officer
225,Emylee,Gwenore,Emylee.Gwenore@yopmail.com,Emylee.Gwenore@gmail.com,developer
226,Malina,Gilmour,Malina.Gilmour@yopmail.com,Malina.Gilmour@gmail.com,firefighter
227,Alleen,Obed,Alleen.Obed@yopmail.com,Alleen.Obed@gmail.com,firefighter
228,Leia,Isacco,Leia.Isacco@yopmail.com,Leia.Isacco@gmail.com,police officer
229,Eve,Daniele,Eve.Daniele@yopmail.com,Eve.Daniele@gmail.com,doctor
230,Fawne,Merriott,Fawne.Merriott@yopmail.com,Fawne.Merriott@gmail.com,worker
231,Tracey,Shirberg,Tracey.Shirberg@yopmail.com,Tracey.Shirberg@gmail.com,firefighter
232,Coral,Monaco,Coral.Monaco@yopmail.com,Coral.Monaco@gmail.com,worker
233,Elfreda,Dreda,Elfreda.Dreda@yopmail.com,Elfreda.Dreda@gmail.com,developer
234,Cindelyn,Thunell,Cindelyn.Thunell@yopmail.com,Cindelyn.Thunell@gmail.com,doctor
235,Tracey,Travax,Tracey.Travax@yopmail.com,Tracey.Travax@gmail.com,police officer
236,Lenna,Rudolph,Lenna.Rudolph@yopmail.com,Lenna.Rudolph@gmail.com,worker
237,Chastity,Fennessy,Chastity.Fennessy@yopmail.com,Chastity.Fennessy@gmail.com,worker
238,Brena,Durware,Brena.Durware@yopmail.com,Brena.Durware@gmail.com,firefighter
239,Arlena,Corrine,Arlena.Corrine@yopmail.com,Arlena.Corrine@gmail.com,doctor
240,Sheree,Elo,Sheree.Elo@yopmail.com,Sheree.Elo@gmail.com,worker
241,Ofilia,Adrienne,Ofilia.Adrienne@yopmail.com,Ofilia.Adrienne@gmail.com,doctor
242,Annaliese,Eldrid,Annaliese.Eldrid@yopmail.com,Annaliese.Eldrid@gmail.com,police officer
243,Daune,Moina,Daune.Moina@yopmail.com,Daune.Moina@gmail.com,firefighter
244,Olivette,Wilona,Olivette.Wilona@yopmail.com,Olivette.Wilona@gmail.com,developer
245,Layla,Truc,Layla.Truc@yopmail.com,Layla.Truc@gmail.com,firefighter
246,Aili,Mullane,Aili.Mullane@yopmail.com,Aili.Mullane@gmail.com,firefighter
247,Bernardine,Moina,Bernardine.Moina@yopmail.com,Bernardine.Moina@gmail.com,police officer
248,Aeriela,Franza,Aeriela.Franza@yopmail.com,Aeriela.Franza@gmail.com,worker
249,Heida,Amadas,Heida.Amadas@yopmail.com,Heida.Amadas@gmail.com,doctor
250,Ottilie,Strephon,Ottilie.Strephon@yopmail.com,Ottilie.Strephon@gmail.com,developer
251,Grier,Guthrie,Grier.Guthrie@yopmail.com,Grier.Guthrie@gmail.com,firefighter
252,Margette,Monk,Margette.Monk@yopmail.com,Margette.Monk@gmail.com,worker
253,Elena,Eno,Elena.Eno@yopmail.com,Elena.Eno@gmail.com,firefighter
254,Raquela,Sammons,Raquela.Sammons@yopmail.com,Raquela.Sammons@gmail.com,firefighter
255,Amelia,Haymes,Amelia.Haymes@yopmail.com,Amelia.Haymes@gmail.com,police officer
256,Margarette,Oneida,Margarette.Oneida@yopmail.com,Margarette.Oneida@gmail.com,developer
257,Juliane,Dielu,Juliane.Dielu@yopmail.com,Juliane.Dielu@gmail.com,firefighter
258,Harmonia,Janene,Harmonia.Janene@yopmail.com,Harmonia.Janene@gmail.com,police officer
259,Ursulina,Harday,Ursulina.Harday@yopmail.com,Ursulina.Harday@gmail.com,firefighter
260,Ulrike,Dowski,Ulrike.Dowski@yopmail.com,Ulrike.Dowski@gmail.com,worker
261,Nickie,Sasnett,Nickie.Sasnett@yopmail.com,Nickie.Sasnett@gmail.com,worker
262,Hallie,Goldina,Hallie.Goldina@yopmail.com,Hallie.Goldina@gmail.com,firefighter
263,Georgina,Adalbert,Georgina.Adalbert@yopmail.com,Georgina.Adalbert@gmail.com,doctor
264,Libbie,Kannry,Libbie.Kannry@yopmail.com,Libbie.Kannry@gmail.com,firefighter
265,Linzy,Shanley,Linzy.Shanley@yopmail.com,Linzy.Shanley@gmail.com,police officer
266,Donetta,Stevy,Donetta.Stevy@yopmail.com,Donetta.Stevy@gmail.com,police officer
267,Charmaine,Douglass,Charmaine.Douglass@yopmail.com,Charmaine.Douglass@gmail.com,developer
268,Hildegaard,Celestine,Hildegaard.Celestine@yopmail.com,Hildegaard.Celestine@gmail.com,police officer
269,Reeba,Margret,Reeba.Margret@yopmail.com,Reeba.Margret@gmail.com,firefighter
270,Karolina,Lane,Karolina.Lane@yopmail.com,Karolina.Lane@gmail.com,firefighter
271,Randa,Khorma,Randa.Khorma@yopmail.com,Randa.Khorma@gmail.com,doctor
272,Gusella,Pitt,Gusella.Pitt@yopmail.com,Gusella.Pitt@gmail.com,doctor
273,Moyna,Goerke,Moyna.Goerke@yopmail.com,Moyna.Goerke@gmail.com,doctor
274,Camile,Ruvolo,Camile.Ruvolo@yopmail.com,Camile.Ruvolo@gmail.com,worker
275,Ivett,Schonfeld,Ivett.Schonfeld@yopmail.com,Ivett.Schonfeld@gmail.com,police officer
276,Dode,Sacken,Dode.Sacken@yopmail.com,Dode.Sacken@gmail.com,police officer
277,Karly,Eckblad,Karly.Eckblad@yopmail.com,Karly.Eckblad@gmail.com,developer
278,Trixi,Malina,Trixi.Malina@yopmail.com,Trixi.Malina@gmail.com,worker
279,Janey,Hieronymus,Janey.Hieronymus@yopmail.com,Janey.Hieronymus@gmail.com,worker
280,Margarette,Maples,Margarette.Maples@yopmail.com,Margarette.Maples@gmail.com,developer
281,Gabi,Ethban,Gabi.Ethban@yopmail.com,Gabi.Ethban@gmail.com,worker
282,Augustine,Bandeen,Augustine.Bandeen@yopmail.com,Augustine.Bandeen@gmail.com,doctor
283,Mignon,Felizio,Mignon.Felizio@yopmail.com,Mignon.Felizio@gmail.com,worker
284,Bernie,Lynn,Bernie.Lynn@yopmail.com,Bernie.Lynn@gmail.com,worker
285,Blake,Gahl,Blake.Gahl@yopmail.com,Blake.Gahl@gmail.com,doctor
286,Molli,Loring,Molli.Loring@yopmail.com,Molli.Loring@gmail.com,firefighter
287,Janey,Martsen,Janey.Martsen@yopmail.com,Janey.Martsen@gmail.com,worker
288,Sarette,Edmund,Sarette.Edmund@yopmail.com,Sarette.Edmund@gmail.com,police officer
289,Mary,Soneson,Mary.Soneson@yopmail.com,Mary.Soneson@gmail.com,worker
290,Lolita,Frendel,Lolita.Frendel@yopmail.com,Lolita.Frendel@gmail.com,firefighter
291,Olwen,Jess,Olwen.Jess@yopmail.com,Olwen.Jess@gmail.com,developer
292,Romona,Alcott,Romona.Alcott@yopmail.com,Romona.Alcott@gmail.com,doctor
293,Jenda,Fairweather,Jenda.Fairweather@yopmail.com,Jenda.Fairweather@gmail.com,developer
294,Harrietta,Regan,Harrietta.Regan@yopmail.com,Harrietta.Regan@gmail.com,worker
295,Bobinette,Roarke,Bobinette.Roarke@yopmail.com,Bobinette.Roarke@gmail.com,doctor
296,Lila,Leifeste,Lila.Leifeste@yopmail.com,Lila.Leifeste@gmail.com,firefighter
297,Ketti,Irmine,Ketti.Irmine@yopmail.com,Ketti.Irmine@gmail.com,worker
298,Zaria,Arvo,Zaria.Arvo@yopmail.com,Zaria.Arvo@gmail.com,firefighter
299,Alyda,Fry,Alyda.Fry@yopmail.com,Alyda.Fry@gmail.com,doctor
300,Calla,Louanna,Calla.Louanna@yopmail.com,Calla.Louanna@gmail.com,firefighter
301,Mamie,Thornburg,Mamie.Thornburg@yopmail.com,Mamie.Thornburg@gmail.com,police officer
302,Aryn,O'Carroll,Aryn.O'Carroll@yopmail.com,Aryn.O'Carroll@gmail.com,police officer
303,Yolane,Lorain,Yolane.Lorain@yopmail.com,Yolane.Lorain@gmail.com,firefighter
304,Danika,Brian,Danika.Brian@yopmail.com,Danika.Brian@gmail.com,worker
305,Marika,Anton,Marika.Anton@yopmail.com,Marika.Anton@gmail.com,doctor
306,Minne,Dimitris,Minne.Dimitris@yopmail.com,Minne.Dimitris@gmail.com,developer
307,Kenna,Sherfield,Kenna.Sherfield@yopmail.com,Kenna.Sherfield@gmail.com,doctor
308,Kimberley,LaRue,Kimberley.LaRue@yopmail.com,Kimberley.LaRue@gmail.com,developer
309,Raquela,Arley,Raquela.Arley@yopmail.com,Raquela.Arley@gmail.com,developer
310,Amelia,Zetta,Amelia.Zetta@yopmail.com,Amelia.Zetta@gmail.com,police officer
311,Celestyna,Horan,Celestyna.Horan@yopmail.com,Celestyna.Horan@gmail.com,firefighter
312,Layla,Joseph,Layla.Joseph@yopmail.com,Layla.Joseph@gmail.com,developer
313,Clementine,Vale,Clementine.Vale@yopmail.com,Clementine.Vale@gmail.com,police officer
314,Kelly,Yam,Kelly.Yam@yopmail.com,Kelly.Yam@gmail.com,firefighter
315,Adriana,Craggie,Adriana.Craggie@yopmail.com,Adriana.Craggie@gmail.com,firefighter
316,Blinni,Suanne,Blinni.Suanne@yopmail.com,Blinni.Suanne@gmail.com,developer
317,Lorie,Ogren,Lorie.Ogren@yopmail.com,Lorie.Ogren@gmail.com,firefighter
318,Charissa,Parette,Charissa.Parette@yopmail.com,Charissa.Parette@gmail.com,worker
319,Bee,Arne,Bee.Arne@yopmail.com,Bee.Arne@gmail.com,doctor
320,Florencia,Sammons,Florencia.Sammons@yopmail.com,Florencia.Sammons@gmail.com,police officer
321,Kara-Lynn,Arathorn,Kara-Lynn.Arathorn@yopmail.com,Kara-Lynn.Arathorn@gmail.com,doctor
322,Oralee,Clara,Oralee.Clara@yopmail.com,Oralee.Clara@gmail.com,worker
323,Babita,Mehalek,Babita.Mehalek@yopmail.com,Babita.Mehalek@gmail.com,worker
324,Suzette,Gale,Suzette.Gale@yopmail.com,Suzette.Gale@gmail.com,police officer
325,Morganica,Bow,Morganica.Bow@yopmail.com,Morganica.Bow@gmail.com,doctor
326,Lynea,Malanie,Lynea.Malanie@yopmail.com,Lynea.Malanie@gmail.com,worker
327,Claudina,Cottle,Claudina.Cottle@yopmail.com,Claudina.Cottle@gmail.com,worker
328,Celisse,Hillel,Celisse.Hillel@yopmail.com,Celisse.Hillel@gmail.com,developer
329,Ardenia,Cimbura,Ardenia.Cimbura@yopmail.com,Ardenia.Cimbura@gmail.com,police officer
330,Dorene,Syd,Dorene.Syd@yopmail.com,Dorene.Syd@gmail.com,police officer
331,Sashenka,Bandeen,Sashenka.Bandeen@yopmail.com,Sashenka.Bandeen@gmail.com,doctor
332,Wilma,Ortrude,Wilma.Ortrude@yopmail.com,Wilma.Ortrude@gmail.com,firefighter
333,Goldie,Ciro,Goldie.Ciro@yopmail.com,Goldie.Ciro@gmail.com,developer
334,Madeleine,Cristi,Madeleine.Cristi@yopmail.com,Madeleine.Cristi@gmail.com,worker
335,Ellette,Raama,Ellette.Raama@yopmail.com,Ellette.Raama@gmail.com,firefighter
336,Pollyanna,Junie,Pollyanna.Junie@yopmail.com,Pollyanna.Junie@gmail.com,doctor
337,Bettine,Carbo,Bettine.Carbo@yopmail.com,Bettine.Carbo@gmail.com,developer
338,Dennie,Fulmer,Dennie.Fulmer@yopmail.com,Dennie.Fulmer@gmail.com,firefighter
339,Halette,Verger,Halette.Verger@yopmail.com,Halette.Verger@gmail.com,worker
340,Dagmar,Knowling,Dagmar.Knowling@yopmail.com,Dagmar.Knowling@gmail.com,firefighter
341,Lesly,Masao,Lesly.Masao@yopmail.com,Lesly.Masao@gmail.com,police officer
342,Christy,Center,Christy.Center@yopmail.com,Christy.Center@gmail.com,firefighter
343,Kelly,Albertine,Kelly.Albertine@yopmail.com,Kelly.Albertine@gmail.com,police officer
344,Dorthy,Sinegold,Dorthy.Sinegold@yopmail.com,Dorthy.Sinegold@gmail.com,police officer
345,Dorothy,Brian,Dorothy.Brian@yopmail.com,Dorothy.Brian@gmail.com,firefighter
346,Tabbatha,Ranjiv,Tabbatha.Ranjiv@yopmail.com,Tabbatha.Ranjiv@gmail.com,doctor
347,Pollyanna,Pond,Pollyanna.Pond@yopmail.com,Pollyanna.Pond@gmail.com,developer
348,Tarra,Hachmin,Tarra.Hachmin@yopmail.com,Tarra.Hachmin@gmail.com,worker
349,Katuscha,Greyson,Katuscha.Greyson@yopmail.com,Katuscha.Greyson@gmail.com,developer
350,Rosabelle,Lunsford,Rosabelle.Lunsford@yopmail.com,Rosabelle.Lunsford@gmail.com,developer
351,Aigneis,Chesna,Aigneis.Chesna@yopmail.com,Aigneis.Chesna@gmail.com,firefighter
352,Lauryn,Maples,Lauryn.Maples@yopmail.com,Lauryn.Maples@gmail.com,worker
353,Sam,Saree,Sam.Saree@yopmail.com,Sam.Saree@gmail.com,developer
354,Ilse,Zola,Ilse.Zola@yopmail.com,Ilse.Zola@gmail.com,firefighter
355,Dulcinea,Daniele,Dulcinea.Daniele@yopmail.com,Dulcinea.Daniele@gmail.com,firefighter
356,Janey,Connelly,Janey.Connelly@yopmail.com,Janey.Connelly@gmail.com,doctor
357,Gale,Publia,Gale.Publia@yopmail.com,Gale.Publia@gmail.com,firefighter
358,Ada,Giule,Ada.Giule@yopmail.com,Ada.Giule@gmail.com,firefighter
359,Albertina,Darrell,Albertina.Darrell@yopmail.com,Albertina.Darrell@gmail.com,worker
360,Eolanda,Thema,Eolanda.Thema@yopmail.com,Eolanda.Thema@gmail.com,developer
361,Daryl,Fitzsimmons,Daryl.Fitzsimmons@yopmail.com,Daryl.Fitzsimmons@gmail.com,police officer
362,Deirdre,Kirbee,Deirdre.Kirbee@yopmail.com,Deirdre.Kirbee@gmail.com,firefighter
363,Nariko,Federica,Nariko.Federica@yopmail.com,Nariko.Federica@gmail.com,worker
364,Konstance,Ahab,Konstance.Ahab@yopmail.com,Konstance.Ahab@gmail.com,police officer
365,Ginnie,Swigart,Ginnie.Swigart@yopmail.com,Ginnie.Swigart@gmail.com,firefighter
366,Claudina,Diogenes,Claudina.Diogenes@yopmail.com,Claudina.Diogenes@gmail.com,police officer
367,Ronna,Herrera,Ronna.Herrera@yopmail.com,Ronna.Herrera@gmail.com,worker
368,Josephine,Bobbee,Josephine.Bobbee@yopmail.com,Josephine.Bobbee@gmail.com,worker
369,Dale,Tyson,Dale.Tyson@yopmail.com,Dale.Tyson@gmail.com,police officer
370,Viki,Cottle,Viki.Cottle@yopmail.com,Viki.Cottle@gmail.com,police officer
371,Sam,Harday,Sam.Harday@yopmail.com,Sam.Harday@gmail.com,developer
372,Ann-Marie,Giff,Ann-Marie.Giff@yopmail.com,Ann-Marie.Giff@gmail.com,worker
373,Selia,Berl,Selia.Berl@yopmail.com,Selia.Berl@gmail.com,developer
374,Viki,Marcellus,Viki.Marcellus@yopmail.com,Viki.Marcellus@gmail.com,firefighter
375,Petronia,Toni,Petronia.Toni@yopmail.com,Petronia.Toni@gmail.com,developer
376,Gerrie,Koziara,Gerrie.Koziara@yopmail.com,Gerrie.Koziara@gmail.com,police officer
377,Peri,Aldric,Peri.Aldric@yopmail.com,Peri.Aldric@gmail.com,developer
378,Oona,Zamora,Oona.Zamora@yopmail.com,Oona.Zamora@gmail.com,police officer
379,Emma,Truc,Emma.Truc@yopmail.com,Emma.Truc@gmail.com,worker
380,Marinna,Merat,Marinna.Merat@yopmail.com,Marinna.Merat@gmail.com,police officer
381,Rani,Gibbeon,Rani.Gibbeon@yopmail.com,Rani.Gibbeon@gmail.com,doctor
382,Verla,Burch,Verla.Burch@yopmail.com,Verla.Burch@gmail.com,police officer
383,Joeann,Ax,Joeann.Ax@yopmail.com,Joeann.Ax@gmail.com,worker
384,Hildegaard,Stelle,Hildegaard.Stelle@yopmail.com,Hildegaard.Stelle@gmail.com,developer
385,Barbi,Zrike,Barbi.Zrike@yopmail.com,Barbi.Zrike@gmail.com,developer
386,Minda,Tomasina,Minda.Tomasina@yopmail.com,Minda.Tomasina@gmail.com,police officer
387,Liana,Avi,Liana.Avi@yopmail.com,Liana.Avi@gmail.com,worker
388,Paulita,Orpah,Paulita.Orpah@yopmail.com,Paulita.Orpah@gmail.com,worker
389,Melisent,Bluh,Melisent.Bluh@yopmail.com,Melisent.Bluh@gmail.com,developer
390,Althea,Frodi,Althea.Frodi@yopmail.com,Althea.Frodi@gmail.com,police officer
391,Hildegaard,Abernon,Hildegaard.Abernon@yopmail.com,Hildegaard.Abernon@gmail.com,worker
392,Abbie,Papageno,Abbie.Papageno@yopmail.com,Abbie.Papageno@gmail.com,developer
393,Barbara,Ashely,Barbara.Ashely@yopmail.com,Barbara.Ashely@gmail.com,police officer
394,Nickie,Eckblad,Nickie.Eckblad@yopmail.com,Nickie.Eckblad@gmail.com,police officer
395,Jany,Ezar,Jany.Ezar@yopmail.com,Jany.Ezar@gmail.com,doctor
396,Di,Destinee,Di.Destinee@yopmail.com,Di.Destinee@gmail.com,developer
397,Winifred,Leler,Winifred.Leler@yopmail.com,Winifred.Leler@gmail.com,police officer
398,Xylina,Shama,Xylina.Shama@yopmail.com,Xylina.Shama@gmail.com,police officer
399,Willetta,Skurnik,Willetta.Skurnik@yopmail.com,Willetta.Skurnik@gmail.com,doctor
400,Valeda,Pozzy,Valeda.Pozzy@yopmail.com,Valeda.Pozzy@gmail.com,developer
401,Paola,Melleta,Paola.Melleta@yopmail.com,Paola.Melleta@gmail.com,firefighter
402,Di,Yerkovich,Di.Yerkovich@yopmail.com,Di.Yerkovich@gmail.com,doctor
403,Regina,Khorma,Regina.Khorma@yopmail.com,Regina.Khorma@gmail.com,firefighter
404,Dorothy,Wilona,Dorothy.Wilona@yopmail.com,Dorothy.Wilona@gmail.com,worker
405,Olivette,Eiser,Olivette.Eiser@yopmail.com,Olivette.Eiser@gmail.com,doctor
406,Evita,Bluh,Evita.Bluh@yopmail.com,Evita.Bluh@gmail.com,doctor
407,Letizia,Sisile,Letizia.Sisile@yopmail.com,Letizia.Sisile@gmail.com,firefighter
408,Brynna,Giule,Brynna.Giule@yopmail.com,Brynna.Giule@gmail.com,firefighter
409,Inga,Kirbee,Inga.Kirbee@yopmail.com,Inga.Kirbee@gmail.com,worker
410,Flo,Ardeha,Flo.Ardeha@yopmail.com,Flo.Ardeha@gmail.com,developer
411,Tera,Sidonius,Tera.Sidonius@yopmail.com,Tera.Sidonius@gmail.com,worker
412,Kathi,Naashom,Kathi.Naashom@yopmail.com,Kathi.Naashom@gmail.com,firefighter
413,Lexine,Lenny,Lexine.Lenny@yopmail.com,Lexine.Lenny@gmail.com,worker
414,Cathyleen,Capello,Cathyleen.Capello@yopmail.com,Cathyleen.Capello@gmail.com,police officer
415,Blondelle,Fredi,Blondelle.Fredi@yopmail.com,Blondelle.Fredi@gmail.com,worker
416,Gwyneth,Flyn,Gwyneth.Flyn@yopmail.com,Gwyneth.Flyn@gmail.com,doctor
417,Ernesta,Bethany,Ernesta.Bethany@yopmail.com,Ernesta.Bethany@gmail.com,doctor
418,Wileen,Roxanna,Wileen.Roxanna@yopmail.com,Wileen.Roxanna@gmail.com,worker
419,Renae,Pernick,Renae.Pernick@yopmail.com,Renae.Pernick@gmail.com,worker
420,Beth,Genna,Beth.Genna@yopmail.com,Beth.Genna@gmail.com,police officer
421,Alie,Cadmar,Alie.Cadmar@yopmail.com,Alie.Cadmar@gmail.com,developer
422,Edith,Howlyn,Edith.Howlyn@yopmail.com,Edith.Howlyn@gmail.com,doctor
423,Jennica,Raul,Jennica.Raul@yopmail.com,Jennica.Raul@gmail.com,police officer
424,Angela,Silvan,Angela.Silvan@yopmail.com,Angela.Silvan@gmail.com,doctor
425,Rebeca,Kristi,Rebeca.Kristi@yopmail.com,Rebeca.Kristi@gmail.com,firefighter
426,Margalo,Prober,Margalo.Prober@yopmail.com,Margalo.Prober@gmail.com,worker
427,Anica,Joachim,Anica.Joachim@yopmail.com,Anica.Joachim@gmail.com,firefighter
428,Gloria,Fry,Gloria.Fry@yopmail.com,Gloria.Fry@gmail.com,doctor
429,Leia,Carri,Leia.Carri@yopmail.com,Leia.Carri@gmail.com,firefighter
430,Nessie,Aida,Nessie.Aida@yopmail.com,Nessie.Aida@gmail.com,firefighter
431,Winny,Genna,Winny.Genna@yopmail.com,Winny.Genna@gmail.com,doctor
432,Selma,Dahlia,Selma.Dahlia@yopmail.com,Selma.Dahlia@gmail.com,developer
433,Beverley,Palocz,Beverley.Palocz@yopmail.com,Beverley.Palocz@gmail.com,firefighter
434,Audrie,Mehalek,Audrie.Mehalek@yopmail.com,Audrie.Mehalek@gmail.com,firefighter
435,Reeba,Bury,Reeba.Bury@yopmail.com,Reeba.Bury@gmail.com,police officer
436,Esmeralda,Persse,Esmeralda.Persse@yopmail.com,Esmeralda.Persse@gmail.com,police officer
437,Lyssa,Ax,Lyssa.Ax@yopmail.com,Lyssa.Ax@gmail.com,doctor
438,Tilly,Lasley,Tilly.Lasley@yopmail.com,Tilly.Lasley@gmail.com,firefighter
439,Lusa,MacIntosh,Lusa.MacIntosh@yopmail.com,Lusa.MacIntosh@gmail.com,doctor
440,Alie,Melleta,Alie.Melleta@yopmail.com,Alie.Melleta@gmail.com,firefighter
441,Goldie,Ciapas,Goldie.Ciapas@yopmail.com,Goldie.Ciapas@gmail.com,worker
442,Gilda,Rillings,Gilda.Rillings@yopmail.com,Gilda.Rillings@gmail.com,developer
443,Anestassia,Delp,Anestassia.Delp@yopmail.com,Anestassia.Delp@gmail.com,developer
444,Sharlene,Loeb,Sharlene.Loeb@yopmail.com,Sharlene.Loeb@gmail.com,worker
445,Joceline,Thunell,Joceline.Thunell@yopmail.com,Joceline.Thunell@gmail.com,police officer
446,Claudina,Raffo,Claudina.Raffo@yopmail.com,Claudina.Raffo@gmail.com,developer
447,Dari,Chesna,Dari.Chesna@yopmail.com,Dari.Chesna@gmail.com,firefighter
448,Ursulina,Dosia,Ursulina.Dosia@yopmail.com,Ursulina.Dosia@gmail.com,doctor
449,Paulita,Krystle,Paulita.Krystle@yopmail.com,Paulita.Krystle@gmail.com,police officer
450,Ashlee,Socha,Ashlee.Socha@yopmail.com,Ashlee.Socha@gmail.com,firefighter
451,Lauryn,Sheng,Lauryn.Sheng@yopmail.com,Lauryn.Sheng@gmail.com,police officer
452,Laurene,Solitta,Laurene.Solitta@yopmail.com,Laurene.Solitta@gmail.com,doctor
453,Bobbi,Ferrell,Bobbi.Ferrell@yopmail.com,Bobbi.Ferrell@gmail.com,doctor
454,Ann-Marie,Allina,Ann-Marie.Allina@yopmail.com,Ann-Marie.Allina@gmail.com,developer
455,Chastity,Moina,Chastity.Moina@yopmail.com,Chastity.Moina@gmail.com,firefighter
456,Sara-Ann,Annice,Sara-Ann.Annice@yopmail.com,Sara-Ann.Annice@gmail.com,firefighter
457,Sallie,Fleeta,Sallie.Fleeta@yopmail.com,Sallie.Fleeta@gmail.com,worker
458,Gianina,Drus,Gianina.Drus@yopmail.com,Gianina.Drus@gmail.com,worker
459,Melisent,Old,Melisent.Old@yopmail.com,Melisent.Old@gmail.com,doctor
460,Tomasina,Cottle,Tomasina.Cottle@yopmail.com,Tomasina.Cottle@gmail.com,developer
461,Cassandra,Damarra,Cassandra.Damarra@yopmail.com,Cassandra.Damarra@gmail.com,worker
462,Frieda,Monaco,Frieda.Monaco@yopmail.com,Frieda.Monaco@gmail.com,developer
463,Rayna,Horan,Rayna.Horan@yopmail.com,Rayna.Horan@gmail.com,firefighter
464,Jere,McLaughlin,Jere.McLaughlin@yopmail.com,Jere.McLaughlin@gmail.com,firefighter
465,Fidelia,Baudin,Fidelia.Baudin@yopmail.com,Fidelia.Baudin@gmail.com,worker
466,Steffane,Hathaway,Steffane.Hathaway@yopmail.com,Steffane.Hathaway@gmail.com,developer
467,Tomasina,Campball,Tomasina.Campball@yopmail.com,Tomasina.Campball@gmail.com,doctor
468,Britni,Deny,Britni.Deny@yopmail.com,Britni.Deny@gmail.com,police officer
469,Vanessa,Karna,Vanessa.Karna@yopmail.com,Vanessa.Karna@gmail.com,doctor
470,Sashenka,Alisia,Sashenka.Alisia@yopmail.com,Sashenka.Alisia@gmail.com,doctor
471,Nonnah,Yoko,Nonnah.Yoko@yopmail.com,Nonnah.Yoko@gmail.com,doctor
472,Thalia,Regan,Thalia.Regan@yopmail.com,Thalia.Regan@gmail.com,developer
473,June,Quent,June.Quent@yopmail.com,June.Quent@gmail.com,police officer
474,Kimmy,Fancie,Kimmy.Fancie@yopmail.com,Kimmy.Fancie@gmail.com,police officer
475,Letizia,Bluh,Letizia.Bluh@yopmail.com,Letizia.Bluh@gmail.com,firefighter
476,Jolyn,Fry,Jolyn.Fry@yopmail.com,Jolyn.Fry@gmail.com,firefighter
477,Joane,Diann,Joane.Diann@yopmail.com,Joane.Diann@gmail.com,firefighter
478,Emilia,Neils,Emilia.Neils@yopmail.com,Emilia.Neils@gmail.com,developer
479,Mara,Hathaway,Mara.Hathaway@yopmail.com,Mara.Hathaway@gmail.com,police officer
480,Fanchon,Etom,Fanchon.Etom@yopmail.com,Fanchon.Etom@gmail.com,doctor
481,Chere,Martsen,Chere.Martsen@yopmail.com,Chere.Martsen@gmail.com,firefighter
482,Dale,Rosette,Dale.Rosette@yopmail.com,Dale.Rosette@gmail.com,doctor
483,Robinia,Destinee,Robinia.Destinee@yopmail.com,Robinia.Destinee@gmail.com,police officer
484,Selma,Melleta,Selma.Melleta@yopmail.com,Selma.Melleta@gmail.com,developer
485,Cassandra,Zuzana,Cassandra.Zuzana@yopmail.com,Cassandra.Zuzana@gmail.com,firefighter
486,Cindelyn,Weide,Cindelyn.Weide@yopmail.com,Cindelyn.Weide@gmail.com,firefighter
487,Fidelia,Terrence,Fidelia.Terrence@yopmail.com,Fidelia.Terrence@gmail.com,doctor
488,Hettie,Bonilla,Hettie.Bonilla@yopmail.com,Hettie.Bonilla@gmail.com,developer
489,Sallie,Leopold,Sallie.Leopold@yopmail.com,Sallie.Leopold@gmail.com,worker
490,Addia,Concha,Addia.Concha@yopmail.com,Addia.Concha@gmail.com,developer
491,Vere,Sabella,Vere.Sabella@yopmail.com,Vere.Sabella@gmail.com,firefighter
492,Gratia,Roscoe,Gratia.Roscoe@yopmail.com,Gratia.Roscoe@gmail.com,doctor
493,Selma,Gaspard,Selma.Gaspard@yopmail.com,Selma.Gaspard@gmail.com,firefighter
494,Selma,Georgy,Selma.Georgy@yopmail.com,Selma.Georgy@gmail.com,worker
495,Sidoney,Gower,Sidoney.Gower@yopmail.com,Sidoney.Gower@gmail.com,police officer
496,Catharine,Belanger,Catharine.Belanger@yopmail.com,Catharine.Belanger@gmail.com,worker
497,Caressa,Naor,Caressa.Naor@yopmail.com,Caressa.Naor@gmail.com,worker
498,Therine,Helfand,Therine.Helfand@yopmail.com,Therine.Helfand@gmail.com,developer
499,Brandise,Kat,Brandise.Kat@yopmail.com,Brandise.Kat@gmail.com,doctor
500,Deloria,Candy,Deloria.Candy@yopmail.com,Deloria.Candy@gmail.com,doctor
501,Halette,August,Halette.August@yopmail.com,Halette.August@gmail.com,worker
502,Tomasina,Nicoline,Tomasina.Nicoline@yopmail.com,Tomasina.Nicoline@gmail.com,developer
503,Rochette,Noam,Rochette.Noam@yopmail.com,Rochette.Noam@gmail.com,doctor
504,Ira,Hoban,Ira.Hoban@yopmail.com,Ira.Hoban@gmail.com,police officer
505,Gisela,Tatianas,Gisela.Tatianas@yopmail.com,Gisela.Tatianas@gmail.com,developer
506,Alie,Drisko,Alie.Drisko@yopmail.com,Alie.Drisko@gmail.com,police officer
507,Emma,Gaulin,Emma.Gaulin@yopmail.com,Emma.Gaulin@gmail.com,firefighter
508,Marita,Elephus,Marita.Elephus@yopmail.com,Marita.Elephus@gmail.com,developer
509,Jenda,Boehike,Jenda.Boehike@yopmail.com,Jenda.Boehike@gmail.com,worker
510,Carmencita,Janene,Carmencita.Janene@yopmail.com,Carmencita.Janene@gmail.com,worker
511,Ricky,Kelula,Ricky.Kelula@yopmail.com,Ricky.Kelula@gmail.com,worker
512,Angela,Adamsen,Angela.Adamsen@yopmail.com,Angela.Adamsen@gmail.com,doctor
513,Paulita,Auberbach,Paulita.Auberbach@yopmail.com,Paulita.Auberbach@gmail.com,developer
514,Loree,Quinn,Loree.Quinn@yopmail.com,Loree.Quinn@gmail.com,firefighter
515,Sharai,Mallon,Sharai.Mallon@yopmail.com,Sharai.Mallon@gmail.com,firefighter
516,Cyb,Decato,Cyb.Decato@yopmail.com,Cyb.Decato@gmail.com,firefighter
517,Mignon,Sherrie,Mignon.Sherrie@yopmail.com,Mignon.Sherrie@gmail.com,police officer
518,Aeriela,Leler,Aeriela.Leler@yopmail.com,Aeriela.Leler@gmail.com,worker
519,Gwyneth,Remmer,Gwyneth.Remmer@yopmail.com,Gwyneth.Remmer@gmail.com,worker
520,Amara,Raimondo,Amara.Raimondo@yopmail.com,Amara.Raimondo@gmail.com,doctor
521,Minne,Edvard,Minne.Edvard@yopmail.com,Minne.Edvard@gmail.com,doctor
522,Nerta,Cherianne,Nerta.Cherianne@yopmail.com,Nerta.Cherianne@gmail.com,worker
523,Lanae,Stav,Lanae.Stav@yopmail.com,Lanae.Stav@gmail.com,police officer
524,Arlina,Ingra,Arlina.Ingra@yopmail.com,Arlina.Ingra@gmail.com,firefighter
525,Dennie,Jena,Dennie.Jena@yopmail.com,Dennie.Jena@gmail.com,firefighter
526,Evaleen,Knowling,Evaleen.Knowling@yopmail.com,Evaleen.Knowling@gmail.com,doctor
527,Magdalena,Ariella,Magdalena.Ariella@yopmail.com,Magdalena.Ariella@gmail.com,developer
528,Fawne,Hertzfeld,Fawne.Hertzfeld@yopmail.com,Fawne.Hertzfeld@gmail.com,police officer
529,Cherilyn,Fiann,Cherilyn.Fiann@yopmail.com,Cherilyn.Fiann@gmail.com,doctor
530,Kayla,Medrek,Kayla.Medrek@yopmail.com,Kayla.Medrek@gmail.com,developer
531,Ada,Edmund,Ada.Edmund@yopmail.com,Ada.Edmund@gmail.com,police officer
532,Paule,Scammon,Paule.Scammon@yopmail.com,Paule.Scammon@gmail.com,developer
533,Shandie,Kermit,Shandie.Kermit@yopmail.com,Shandie.Kermit@gmail.com,police officer
534,Cathyleen,Anastatius,Cathyleen.Anastatius@yopmail.com,Cathyleen.Anastatius@gmail.com,firefighter
535,Addia,Halsey,Addia.Halsey@yopmail.com,Addia.Halsey@gmail.com,police officer
536,Vonny,Khorma,Vonny.Khorma@yopmail.com,Vonny.Khorma@gmail.com,developer
537,Dale,Raffo,Dale.Raffo@yopmail.com,Dale.Raffo@gmail.com,police officer
538,Carly,Jorgan,Carly.Jorgan@yopmail.com,Carly.Jorgan@gmail.com,worker
539,Gavrielle,Kravits,Gavrielle.Kravits@yopmail.com,Gavrielle.Kravits@gmail.com,worker
540,Mellicent,Millda,Mellicent.Millda@yopmail.com,Mellicent.Millda@gmail.com,doctor
541,Deirdre,Engdahl,Deirdre.Engdahl@yopmail.com,Deirdre.Engdahl@gmail.com,developer
542,Beverley,Delila,Beverley.Delila@yopmail.com,Beverley.Delila@gmail.com,developer
543,Ayn,Andrel,Ayn.Andrel@yopmail.com,Ayn.Andrel@gmail.com,firefighter
544,Harrietta,Docilla,Harrietta.Docilla@yopmail.com,Harrietta.Docilla@gmail.com,developer
545,Valeda,Cecile,Valeda.Cecile@yopmail.com,Valeda.Cecile@gmail.com,police officer
546,Harrietta,Jefferey,Harrietta.Jefferey@yopmail.com,Harrietta.Jefferey@gmail.com,developer
547,Nerta,Chaing,Nerta.Chaing@yopmail.com,Nerta.Chaing@gmail.com,firefighter
548,Alie,Lane,Alie.Lane@yopmail.com,Alie.Lane@gmail.com,firefighter
549,Alejandra,Rebecka,Alejandra.Rebecka@yopmail.com,Alejandra.Rebecka@gmail.com,doctor
550,Marjie,Olnee,Marjie.Olnee@yopmail.com,Marjie.Olnee@gmail.com,worker
551,Edyth,Nadia,Edyth.Nadia@yopmail.com,Edyth.Nadia@gmail.com,firefighter
552,Maud,Evangelia,Maud.Evangelia@yopmail.com,Maud.Evangelia@gmail.com,developer
553,Roxane,Longfellow,Roxane.Longfellow@yopmail.com,Roxane.Longfellow@gmail.com,worker
554,Livvyy,Henrie,Livvyy.Henrie@yopmail.com,Livvyy.Henrie@gmail.com,firefighter
555,Sandie,Reidar,Sandie.Reidar@yopmail.com,Sandie.Reidar@gmail.com,doctor
556,Kathi,Phyllis,Kathi.Phyllis@yopmail.com,Kathi.Phyllis@gmail.com,police officer
557,Selia,Thilda,Selia.Thilda@yopmail.com,Selia.Thilda@gmail.com,worker
558,Jaclyn,Emmy,Jaclyn.Emmy@yopmail.com,Jaclyn.Emmy@gmail.com,police officer
559,Jorry,Hanleigh,Jorry.Hanleigh@yopmail.com,Jorry.Hanleigh@gmail.com,worker
560,Marguerite,Imelida,Marguerite.Imelida@yopmail.com,Marguerite.Imelida@gmail.com,police officer
561,Madelle,Suanne,Madelle.Suanne@yopmail.com,Madelle.Suanne@gmail.com,firefighter
562,Ida,Cleavland,Ida.Cleavland@yopmail.com,Ida.Cleavland@gmail.com,worker
563,Melodie,Rurik,Melodie.Rurik@yopmail.com,Melodie.Rurik@gmail.com,developer
564,Juliane,Lane,Juliane.Lane@yopmail.com,Juliane.Lane@gmail.com,firefighter
565,Louella,Damarra,Louella.Damarra@yopmail.com,Louella.Damarra@gmail.com,police officer
566,Ronna,Tacye,Ronna.Tacye@yopmail.com,Ronna.Tacye@gmail.com,worker
567,Ekaterina,Romelda,Ekaterina.Romelda@yopmail.com,Ekaterina.Romelda@gmail.com,firefighter
568,Meghann,Wooster,Meghann.Wooster@yopmail.com,Meghann.Wooster@gmail.com,worker
569,Daune,Maribeth,Daune.Maribeth@yopmail.com,Daune.Maribeth@gmail.com,worker
570,Johna,Virgin,Johna.Virgin@yopmail.com,Johna.Virgin@gmail.com,developer
571,Aurore,Gregrory,Aurore.Gregrory@yopmail.com,Aurore.Gregrory@gmail.com,firefighter
572,Tina,Regan,Tina.Regan@yopmail.com,Tina.Regan@gmail.com,firefighter
573,Judy,Dreda,Judy.Dreda@yopmail.com,Judy.Dreda@gmail.com,police officer
574,Dorice,Abbot,Dorice.Abbot@yopmail.com,Dorice.Abbot@gmail.com,firefighter
575,Margarette,Carleen,Margarette.Carleen@yopmail.com,Margarette.Carleen@gmail.com,worker
576,Jaime,Edison,Jaime.Edison@yopmail.com,Jaime.Edison@gmail.com,developer
577,Gratia,Klemperer,Gratia.Klemperer@yopmail.com,Gratia.Klemperer@gmail.com,developer
578,Eolanda,Kiyoshi,Eolanda.Kiyoshi@yopmail.com,Eolanda.Kiyoshi@gmail.com,firefighter
579,Georgetta,Vacuva,Georgetta.Vacuva@yopmail.com,Georgetta.Vacuva@gmail.com,doctor
580,Cristabel,Kenney,Cristabel.Kenney@yopmail.com,Cristabel.Kenney@gmail.com,worker
581,Veda,Isacco,Veda.Isacco@yopmail.com,Veda.Isacco@gmail.com,doctor
582,Jobi,Hortensia,Jobi.Hortensia@yopmail.com,Jobi.Hortensia@gmail.com,worker
583,Karlee,Jacobah,Karlee.Jacobah@yopmail.com,Karlee.Jacobah@gmail.com,doctor
584,Thalia,Pattin,Thalia.Pattin@yopmail.com,Thalia.Pattin@gmail.com,doctor
585,Catharine,Deny,Catharine.Deny@yopmail.com,Catharine.Deny@gmail.com,firefighter
586,Jean,Jalbert,Jean.Jalbert@yopmail.com,Jean.Jalbert@gmail.com,firefighter
587,Sadie,Seumas,Sadie.Seumas@yopmail.com,Sadie.Seumas@gmail.com,firefighter
588,Madeleine,Buffum,Madeleine.Buffum@yopmail.com,Madeleine.Buffum@gmail.com,developer
589,Heida,Phi,Heida.Phi@yopmail.com,Heida.Phi@gmail.com,police officer
590,Madalyn,Malanie,Madalyn.Malanie@yopmail.com,Madalyn.Malanie@gmail.com,doctor
591,Jacquetta,Thad,Jacquetta.Thad@yopmail.com,Jacquetta.Thad@gmail.com,firefighter
592,Olivette,Natalia,Olivette.Natalia@yopmail.com,Olivette.Natalia@gmail.com,firefighter
593,Rosaline,Adamsen,Rosaline.Adamsen@yopmail.com,Rosaline.Adamsen@gmail.com,worker
594,Alleen,Zina,Alleen.Zina@yopmail.com,Alleen.Zina@gmail.com,worker
595,Christian,Auberbach,Christian.Auberbach@yopmail.com,Christian.Auberbach@gmail.com,police officer
596,Eadie,Wallis,Eadie.Wallis@yopmail.com,Eadie.Wallis@gmail.com,doctor
597,Alisha,Borrell,Alisha.Borrell@yopmail.com,Alisha.Borrell@gmail.com,developer
598,Sindee,Jacinda,Sindee.Jacinda@yopmail.com,Sindee.Jacinda@gmail.com,firefighter
599,Inga,Dorine,Inga.Dorine@yopmail.com,Inga.Dorine@gmail.com,doctor
600,Debee,Poppy,Debee.Poppy@yopmail.com,Debee.Poppy@gmail.com,developer
601,Pierette,Westphal,Pierette.Westphal@yopmail.com,Pierette.Westphal@gmail.com,worker
602,Ruthe,Halsey,Ruthe.Halsey@yopmail.com,Ruthe.Halsey@gmail.com,developer
603,Brooks,Cath,Brooks.Cath@yopmail.com,Brooks.Cath@gmail.com,worker
604,Marinna,Billye,Marinna.Billye@yopmail.com,Marinna.Billye@gmail.com,developer
605,Karly,Zeeba,Karly.Zeeba@yopmail.com,Karly.Zeeba@gmail.com,police officer
606,Shannah,Zina,Shannah.Zina@yopmail.com,Shannah.Zina@gmail.com,police officer
607,Joane,Kunin,Joane.Kunin@yopmail.com,Joane.Kunin@gmail.com,worker
608,Annaliese,Fabiola,Annaliese.Fabiola@yopmail.com,Annaliese.Fabiola@gmail.com,worker
609,Kial,Yoko,Kial.Yoko@yopmail.com,Kial.Yoko@gmail.com,firefighter
610,Lesly,Merell,Lesly.Merell@yopmail.com,Lesly.Merell@gmail.com,police officer
611,Elbertina,Hepsibah,Elbertina.Hepsibah@yopmail.com,Elbertina.Hepsibah@gmail.com,doctor
612,Coral,Callista,Coral.Callista@yopmail.com,Coral.Callista@gmail.com,developer
613,Nita,Jorgan,Nita.Jorgan@yopmail.com,Nita.Jorgan@gmail.com,doctor
614,Corina,Norvol,Corina.Norvol@yopmail.com,Corina.Norvol@gmail.com,police officer
615,Kial,Telfer,Kial.Telfer@yopmail.com,Kial.Telfer@gmail.com,doctor
616,Kelly,Vittoria,Kelly.Vittoria@yopmail.com,Kelly.Vittoria@gmail.com,police officer
617,Beth,Alrich,Beth.Alrich@yopmail.com,Beth.Alrich@gmail.com,doctor
618,Sheelagh,Tannie,Sheelagh.Tannie@yopmail.com,Sheelagh.Tannie@gmail.com,developer
619,Gerrie,Caitlin,Gerrie.Caitlin@yopmail.com,Gerrie.Caitlin@gmail.com,worker
620,Joleen,Truc,Joleen.Truc@yopmail.com,Joleen.Truc@gmail.com,doctor
621,Molli,Levey,Molli.Levey@yopmail.com,Molli.Levey@gmail.com,police officer
622,Rivalee,Magdalen,Rivalee.Magdalen@yopmail.com,Rivalee.Magdalen@gmail.com,developer
623,Tierney,Egbert,Tierney.Egbert@yopmail.com,Tierney.Egbert@gmail.com,worker
624,Madeleine,Anderea,Madeleine.Anderea@yopmail.com,Madeleine.Anderea@gmail.com,developer
625,Nananne,Jehu,Nananne.Jehu@yopmail.com,Nananne.Jehu@gmail.com,firefighter
626,Philis,Yorick,Philis.Yorick@yopmail.com,Philis.Yorick@gmail.com,developer
627,Helena,Jobi,Helena.Jobi@yopmail.com,Helena.Jobi@gmail.com,firefighter
628,Randa,Gordon,Randa.Gordon@yopmail.com,Randa.Gordon@gmail.com,police officer
629,Sidoney,Aprile,Sidoney.Aprile@yopmail.com,Sidoney.Aprile@gmail.com,worker
630,Elora,Ferino,Elora.Ferino@yopmail.com,Elora.Ferino@gmail.com,doctor
631,Steffane,Suanne,Steffane.Suanne@yopmail.com,Steffane.Suanne@gmail.com,doctor
632,Leia,Shaddock,Leia.Shaddock@yopmail.com,Leia.Shaddock@gmail.com,firefighter
633,Frank,Shuler,Frank.Shuler@yopmail.com,Frank.Shuler@gmail.com,developer
634,Marti,Cyrie,Marti.Cyrie@yopmail.com,Marti.Cyrie@gmail.com,developer
635,Maryellen,Klotz,Maryellen.Klotz@yopmail.com,Maryellen.Klotz@gmail.com,developer
636,Lelah,Stoller,Lelah.Stoller@yopmail.com,Lelah.Stoller@gmail.com,doctor
637,Laure,Whittaker,Laure.Whittaker@yopmail.com,Laure.Whittaker@gmail.com,firefighter
638,Britte,Devlen,Britte.Devlen@yopmail.com,Britte.Devlen@gmail.com,police officer
639,Norine,Ehrman,Norine.Ehrman@yopmail.com,Norine.Ehrman@gmail.com,doctor
640,Suzette,Vilma,Suzette.Vilma@yopmail.com,Suzette.Vilma@gmail.com,police officer
641,Merrie,Nance,Merrie.Nance@yopmail.com,Merrie.Nance@gmail.com,police officer
642,Brena,Winthorpe,Brena.Winthorpe@yopmail.com,Brena.Winthorpe@gmail.com,worker
643,Raina,Verger,Raina.Verger@yopmail.com,Raina.Verger@gmail.com,developer
644,Winifred,Bivins,Winifred.Bivins@yopmail.com,Winifred.Bivins@gmail.com,developer
645,Vivia,Jerold,Vivia.Jerold@yopmail.com,Vivia.Jerold@gmail.com,doctor
646,Pierette,Kaete,Pierette.Kaete@yopmail.com,Pierette.Kaete@gmail.com,police officer
647,Cam,Mitzi,Cam.Mitzi@yopmail.com,Cam.Mitzi@gmail.com,firefighter
648,Elyssa,Hutchison,Elyssa.Hutchison@yopmail.com,Elyssa.Hutchison@gmail.com,firefighter
649,Hollie,Fairweather,Hollie.Fairweather@yopmail.com,Hollie.Fairweather@gmail.com,doctor
650,Meriel,Libna,Meriel.Libna@yopmail.com,Meriel.Libna@gmail.com,developer
651,Deloria,Billye,Deloria.Billye@yopmail.com,Deloria.Billye@gmail.com,doctor
652,Marinna,Henrie,Marinna.Henrie@yopmail.com,Marinna.Henrie@gmail.com,firefighter
653,Lorne,Jorgan,Lorne.Jorgan@yopmail.com,Lorne.Jorgan@gmail.com,police officer
654,Nadine,Yoko,Nadine.Yoko@yopmail.com,Nadine.Yoko@gmail.com,developer
655,Veda,Cutlerr,Veda.Cutlerr@yopmail.com,Veda.Cutlerr@gmail.com,police officer
656,Fredericka,Narton,Fredericka.Narton@yopmail.com,Fredericka.Narton@gmail.com,worker
657,Candi,Vanni,Candi.Vanni@yopmail.com,Candi.Vanni@gmail.com,firefighter
658,Cyndie,Alisia,Cyndie.Alisia@yopmail.com,Cyndie.Alisia@gmail.com,worker
659,Lizzie,Margret,Lizzie.Margret@yopmail.com,Lizzie.Margret@gmail.com,police officer
660,Shauna,Boycey,Shauna.Boycey@yopmail.com,Shauna.Boycey@gmail.com,worker
661,Aimil,Tamar,Aimil.Tamar@yopmail.com,Aimil.Tamar@gmail.com,developer
662,Hayley,Mullane,Hayley.Mullane@yopmail.com,Hayley.Mullane@gmail.com,firefighter
663,Shell,Rosette,Shell.Rosette@yopmail.com,Shell.Rosette@gmail.com,police officer
664,Lesly,Soneson,Lesly.Soneson@yopmail.com,Lesly.Soneson@gmail.com,firefighter
665,Chastity,Mintz,Chastity.Mintz@yopmail.com,Chastity.Mintz@gmail.com,developer
666,Rozele,Fancie,Rozele.Fancie@yopmail.com,Rozele.Fancie@gmail.com,doctor
667,Yvonne,Monk,Yvonne.Monk@yopmail.com,Yvonne.Monk@gmail.com,firefighter
668,Adelle,Solitta,Adelle.Solitta@yopmail.com,Adelle.Solitta@gmail.com,firefighter
669,Babita,Stover,Babita.Stover@yopmail.com,Babita.Stover@gmail.com,firefighter
670,Daphne,Fairweather,Daphne.Fairweather@yopmail.com,Daphne.Fairweather@gmail.com,firefighter
671,Ariela,Tryck,Ariela.Tryck@yopmail.com,Ariela.Tryck@gmail.com,firefighter
672,Dulcinea,Marcellus,Dulcinea.Marcellus@yopmail.com,Dulcinea.Marcellus@gmail.com,worker
673,Anestassia,Harday,Anestassia.Harday@yopmail.com,Anestassia.Harday@gmail.com,firefighter
674,Gusella,Martguerita,Gusella.Martguerita@yopmail.com,Gusella.Martguerita@gmail.com,doctor
675,Cassondra,Carri,Cassondra.Carri@yopmail.com,Cassondra.Carri@gmail.com,doctor
676,Albertina,Old,Albertina.Old@yopmail.com,Albertina.Old@gmail.com,doctor
677,Genovera,Blisse,Genovera.Blisse@yopmail.com,Genovera.Blisse@gmail.com,doctor
678,Tracey,Sundin,Tracey.Sundin@yopmail.com,Tracey.Sundin@gmail.com,doctor
679,Jobi,Millda,Jobi.Millda@yopmail.com,Jobi.Millda@gmail.com,worker
680,Wynne,Zina,Wynne.Zina@yopmail.com,Wynne.Zina@gmail.com,developer
681,Sean,Fiann,Sean.Fiann@yopmail.com,Sean.Fiann@gmail.com,developer
682,Tarra,Kolnick,Tarra.Kolnick@yopmail.com,Tarra.Kolnick@gmail.com,worker
683,Sashenka,Suk,Sashenka.Suk@yopmail.com,Sashenka.Suk@gmail.com,developer
684,Candi,Ledah,Candi.Ledah@yopmail.com,Candi.Ledah@gmail.com,doctor
685,Clary,Estella,Clary.Estella@yopmail.com,Clary.Estella@gmail.com,worker
686,Nanete,Ries,Nanete.Ries@yopmail.com,Nanete.Ries@gmail.com,developer
687,Gerrie,Moina,Gerrie.Moina@yopmail.com,Gerrie.Moina@gmail.com,doctor
688,Raf,Karna,Raf.Karna@yopmail.com,Raf.Karna@gmail.com,doctor
689,Lanae,Even,Lanae.Even@yopmail.com,Lanae.Even@gmail.com,worker
690,Laurene,Dex,Laurene.Dex@yopmail.com,Laurene.Dex@gmail.com,police officer
691,Adelle,Baptlsta,Adelle.Baptlsta@yopmail.com,Adelle.Baptlsta@gmail.com,developer
692,Valeda,Eliathas,Valeda.Eliathas@yopmail.com,Valeda.Eliathas@gmail.com,developer
693,Lolita,Durante,Lolita.Durante@yopmail.com,Lolita.Durante@gmail.com,police officer
694,Donnie,Brittani,Donnie.Brittani@yopmail.com,Donnie.Brittani@gmail.com,doctor
695,Beth,Ellord,Beth.Ellord@yopmail.com,Beth.Ellord@gmail.com,doctor
696,Jenda,Therine,Jenda.Therine@yopmail.com,Jenda.Therine@gmail.com,worker
697,Arabel,Randene,Arabel.Randene@yopmail.com,Arabel.Randene@gmail.com,firefighter
698,Roberta,Kaete,Roberta.Kaete@yopmail.com,Roberta.Kaete@gmail.com,doctor
699,Tybie,Kristi,Tybie.Kristi@yopmail.com,Tybie.Kristi@gmail.com,doctor
700,Neila,Wallis,Neila.Wallis@yopmail.com,Neila.Wallis@gmail.com,police officer
701,Briney,Alrich,Briney.Alrich@yopmail.com,Briney.Alrich@gmail.com,worker
702,Estell,Weaks,Estell.Weaks@yopmail.com,Estell.Weaks@gmail.com,worker
703,Trixi,Milde,Trixi.Milde@yopmail.com,Trixi.Milde@gmail.com,police officer
704,Arabel,Shaddock,Arabel.Shaddock@yopmail.com,Arabel.Shaddock@gmail.com,firefighter
705,Leanna,Judye,Leanna.Judye@yopmail.com,Leanna.Judye@gmail.com,worker
706,Florencia,Kristi,Florencia.Kristi@yopmail.com,Florencia.Kristi@gmail.com,doctor
707,Kirbee,Aaberg,Kirbee.Aaberg@yopmail.com,Kirbee.Aaberg@gmail.com,doctor
708,Goldie,An,Goldie.An@yopmail.com,Goldie.An@gmail.com,worker
709,Margette,Fleeta,Margette.Fleeta@yopmail.com,Margette.Fleeta@gmail.com,worker
710,Kylynn,Natica,Kylynn.Natica@yopmail.com,Kylynn.Natica@gmail.com,police officer
711,Codie,Saunderson,Codie.Saunderson@yopmail.com,Codie.Saunderson@gmail.com,doctor
712,Margalo,Mike,Margalo.Mike@yopmail.com,Margalo.Mike@gmail.com,worker
713,Kary,Himelman,Kary.Himelman@yopmail.com,Kary.Himelman@gmail.com,firefighter
714,Bernardine,Janene,Bernardine.Janene@yopmail.com,Bernardine.Janene@gmail.com,doctor
715,Annora,Hubert,Annora.Hubert@yopmail.com,Annora.Hubert@gmail.com,developer
716,Kristan,Haldas,Kristan.Haldas@yopmail.com,Kristan.Haldas@gmail.com,developer
717,Jerry,Iphlgenia,Jerry.Iphlgenia@yopmail.com,Jerry.Iphlgenia@gmail.com,doctor
718,Caritta,Sharl,Caritta.Sharl@yopmail.com,Caritta.Sharl@gmail.com,doctor
719,Luci,Argus,Luci.Argus@yopmail.com,Luci.Argus@gmail.com,firefighter
720,Codie,Lamoree,Codie.Lamoree@yopmail.com,Codie.Lamoree@gmail.com,police officer
721,Alex,Sisile,Alex.Sisile@yopmail.com,Alex.Sisile@gmail.com,police officer
722,Ida,Heisel,Ida.Heisel@yopmail.com,Ida.Heisel@gmail.com,worker
723,Brandise,Cohdwell,Brandise.Cohdwell@yopmail.com,Brandise.Cohdwell@gmail.com,doctor
724,Silvana,Waite,Silvana.Waite@yopmail.com,Silvana.Waite@gmail.com,firefighter
725,Ruthe,Othilia,Ruthe.Othilia@yopmail.com,Ruthe.Othilia@gmail.com,doctor
726,Babita,Herrera,Babita.Herrera@yopmail.com,Babita.Herrera@gmail.com,police officer
727,Karlee,Podvin,Karlee.Podvin@yopmail.com,Karlee.Podvin@gmail.com,worker
728,Marita,Berriman,Marita.Berriman@yopmail.com,Marita.Berriman@gmail.com,worker
729,Alie,Cristi,Alie.Cristi@yopmail.com,Alie.Cristi@gmail.com,police officer
730,Blondelle,Cleo,Blondelle.Cleo@yopmail.com,Blondelle.Cleo@gmail.com,developer
731,Elbertina,Annabella,Elbertina.Annabella@yopmail.com,Elbertina.Annabella@gmail.com,worker
732,Aryn,McGrody,Aryn.McGrody@yopmail.com,Aryn.McGrody@gmail.com,developer
733,Florie,Ciro,Florie.Ciro@yopmail.com,Florie.Ciro@gmail.com,firefighter
734,Cathie,Kathie,Cathie.Kathie@yopmail.com,Cathie.Kathie@gmail.com,firefighter
735,Aili,Mata,Aili.Mata@yopmail.com,Aili.Mata@gmail.com,police officer
736,Pearline,Naor,Pearline.Naor@yopmail.com,Pearline.Naor@gmail.com,firefighter
737,Nananne,Blase,Nananne.Blase@yopmail.com,Nananne.Blase@gmail.com,developer
738,Lacie,Freddi,Lacie.Freddi@yopmail.com,Lacie.Freddi@gmail.com,police officer
739,Kylynn,Fadiman,Kylynn.Fadiman@yopmail.com,Kylynn.Fadiman@gmail.com,worker
740,Marika,Persse,Marika.Persse@yopmail.com,Marika.Persse@gmail.com,doctor
741,Darlleen,Vacuva,Darlleen.Vacuva@yopmail.com,Darlleen.Vacuva@gmail.com,firefighter
742,Ofilia,Hashim,Ofilia.Hashim@yopmail.com,Ofilia.Hashim@gmail.com,police officer
743,Lila,Marcellus,Lila.Marcellus@yopmail.com,Lila.Marcellus@gmail.com,firefighter
744,Wynne,Trace,Wynne.Trace@yopmail.com,Wynne.Trace@gmail.com,worker
745,Nessie,Roxanna,Nessie.Roxanna@yopmail.com,Nessie.Roxanna@gmail.com,doctor
746,Meriel,Neva,Meriel.Neva@yopmail.com,Meriel.Neva@gmail.com,worker
747,Miquela,Krystle,Miquela.Krystle@yopmail.com,Miquela.Krystle@gmail.com,police officer
748,Dolli,Dreda,Dolli.Dreda@yopmail.com,Dolli.Dreda@gmail.com,police officer
749,Ilse,Halla,Ilse.Halla@yopmail.com,Ilse.Halla@gmail.com,firefighter
750,Frances,Sherfield,Frances.Sherfield@yopmail.com,Frances.Sherfield@gmail.com,developer
751,Aigneis,Gert,Aigneis.Gert@yopmail.com,Aigneis.Gert@gmail.com,worker
752,Ronna,Annabella,Ronna.Annabella@yopmail.com,Ronna.Annabella@gmail.com,firefighter
753,Shannah,Riva,Shannah.Riva@yopmail.com,Shannah.Riva@gmail.com,doctor
754,Alisha,Azeria,Alisha.Azeria@yopmail.com,Alisha.Azeria@gmail.com,worker
755,Dorthy,Harday,Dorthy.Harday@yopmail.com,Dorthy.Harday@gmail.com,police officer
756,Laurene,Blase,Laurene.Blase@yopmail.com,Laurene.Blase@gmail.com,doctor
757,Glenda,Jagir,Glenda.Jagir@yopmail.com,Glenda.Jagir@gmail.com,developer
758,Latisha,Astra,Latisha.Astra@yopmail.com,Latisha.Astra@gmail.com,police officer
759,Ayn,Kenwood,Ayn.Kenwood@yopmail.com,Ayn.Kenwood@gmail.com,worker
760,Ada,Joli,Ada.Joli@yopmail.com,Ada.Joli@gmail.com,doctor
761,Binny,Jaylene,Binny.Jaylene@yopmail.com,Binny.Jaylene@gmail.com,doctor
762,Corina,Elo,Corina.Elo@yopmail.com,Corina.Elo@gmail.com,police officer
763,Ketti,Garrison,Ketti.Garrison@yopmail.com,Ketti.Garrison@gmail.com,police officer
764,Vanessa,Truc,Vanessa.Truc@yopmail.com,Vanessa.Truc@gmail.com,police officer
765,Rori,Etom,Rori.Etom@yopmail.com,Rori.Etom@gmail.com,doctor
766,Adriana,McGrody,Adriana.McGrody@yopmail.com,Adriana.McGrody@gmail.com,police officer
767,Rubie,Herrera,Rubie.Herrera@yopmail.com,Rubie.Herrera@gmail.com,worker
768,Kittie,Tristram,Kittie.Tristram@yopmail.com,Kittie.Tristram@gmail.com,firefighter
769,Marita,Therine,Marita.Therine@yopmail.com,Marita.Therine@gmail.com,worker
770,Addia,Naor,Addia.Naor@yopmail.com,Addia.Naor@gmail.com,developer
771,Sheree,Gordon,Sheree.Gordon@yopmail.com,Sheree.Gordon@gmail.com,firefighter
772,Kalina,Korey,Kalina.Korey@yopmail.com,Kalina.Korey@gmail.com,worker
773,Selma,Ammann,Selma.Ammann@yopmail.com,Selma.Ammann@gmail.com,worker
774,Jany,Danby,Jany.Danby@yopmail.com,Jany.Danby@gmail.com,firefighter
775,Linzy,Khorma,Linzy.Khorma@yopmail.com,Linzy.Khorma@gmail.com,firefighter
776,Dawn,Dom,Dawn.Dom@yopmail.com,Dawn.Dom@gmail.com,developer
777,Elora,Monk,Elora.Monk@yopmail.com,Elora.Monk@gmail.com,police officer
778,Meriel,Masao,Meriel.Masao@yopmail.com,Meriel.Masao@gmail.com,firefighter
779,Micheline,Ephrem,Micheline.Ephrem@yopmail.com,Micheline.Ephrem@gmail.com,firefighter
780,Jorry,Roarke,Jorry.Roarke@yopmail.com,Jorry.Roarke@gmail.com,doctor
781,Minne,Ludewig,Minne.Ludewig@yopmail.com,Minne.Ludewig@gmail.com,police officer
782,Christal,Iaverne,Christal.Iaverne@yopmail.com,Christal.Iaverne@gmail.com,developer
783,Darlleen,Lanita,Darlleen.Lanita@yopmail.com,Darlleen.Lanita@gmail.com,firefighter
784,Ginnie,Giule,Ginnie.Giule@yopmail.com,Ginnie.Giule@gmail.com,developer
785,Cecile,Connelly,Cecile.Connelly@yopmail.com,Cecile.Connelly@gmail.com,police officer
786,Jacenta,Goldina,Jacenta.Goldina@yopmail.com,Jacenta.Goldina@gmail.com,worker
787,Sidoney,Gunn,Sidoney.Gunn@yopmail.com,Sidoney.Gunn@gmail.com,police officer
788,Charlena,Ciro,Charlena.Ciro@yopmail.com,Charlena.Ciro@gmail.com,firefighter
789,Nannie,Ilka,Nannie.Ilka@yopmail.com,Nannie.Ilka@gmail.com,firefighter
790,Evita,Dahlia,Evita.Dahlia@yopmail.com,Evita.Dahlia@gmail.com,developer
791,Harrietta,Tamar,Harrietta.Tamar@yopmail.com,Harrietta.Tamar@gmail.com,doctor
792,Sonni,Sundin,Sonni.Sundin@yopmail.com,Sonni.Sundin@gmail.com,police officer
793,Marcelline,Raul,Marcelline.Raul@yopmail.com,Marcelline.Raul@gmail.com,worker
794,Marita,Franza,Marita.Franza@yopmail.com,Marita.Franza@gmail.com,worker
795,Aimil,Liva,Aimil.Liva@yopmail.com,Aimil.Liva@gmail.com,firefighter
796,Theodora,Jethro,Theodora.Jethro@yopmail.com,Theodora.Jethro@gmail.com,doctor
797,Beth,Dex,Beth.Dex@yopmail.com,Beth.Dex@gmail.com,police officer
798,Brietta,Sperling,Brietta.Sperling@yopmail.com,Brietta.Sperling@gmail.com,firefighter
799,Kate,Hartnett,Kate.Hartnett@yopmail.com,Kate.Hartnett@gmail.com,firefighter
800,Allis,Evvie,Allis.Evvie@yopmail.com,Allis.Evvie@gmail.com,developer
801,Cordi,Presber,Cordi.Presber@yopmail.com,Cordi.Presber@gmail.com,developer
802,Letizia,Juan,Letizia.Juan@yopmail.com,Letizia.Juan@gmail.com,firefighter
803,Blondelle,Gilmour,Blondelle.Gilmour@yopmail.com,Blondelle.Gilmour@gmail.com,police officer
804,Taffy,Erminia,Taffy.Erminia@yopmail.com,Taffy.Erminia@gmail.com,firefighter
805,Dorthy,Skurnik,Dorthy.Skurnik@yopmail.com,Dorthy.Skurnik@gmail.com,police officer
806,Barbara,Oscar,Barbara.Oscar@yopmail.com,Barbara.Oscar@gmail.com,police officer
807,Tobe,Abram,Tobe.Abram@yopmail.com,Tobe.Abram@gmail.com,worker
808,Stevana,Gert,Stevana.Gert@yopmail.com,Stevana.Gert@gmail.com,police officer
809,Allis,Capello,Allis.Capello@yopmail.com,Allis.Capello@gmail.com,firefighter
810,Nadine,Yate,Nadine.Yate@yopmail.com,Nadine.Yate@gmail.com,firefighter
811,Ronna,Percy,Ronna.Percy@yopmail.com,Ronna.Percy@gmail.com,worker
812,Dorice,Elsinore,Dorice.Elsinore@yopmail.com,Dorice.Elsinore@gmail.com,firefighter
813,Deane,My,Deane.My@yopmail.com,Deane.My@gmail.com,developer
814,Mary,Tamsky,Mary.Tamsky@yopmail.com,Mary.Tamsky@gmail.com,worker
815,Lory,August,Lory.August@yopmail.com,Lory.August@gmail.com,police officer
816,Oralee,Verger,Oralee.Verger@yopmail.com,Oralee.Verger@gmail.com,police officer
817,Inga,Hermes,Inga.Hermes@yopmail.com,Inga.Hermes@gmail.com,doctor
818,Dorice,Truc,Dorice.Truc@yopmail.com,Dorice.Truc@gmail.com,firefighter
819,Codie,Chobot,Codie.Chobot@yopmail.com,Codie.Chobot@gmail.com,worker
820,Marline,Ephrem,Marline.Ephrem@yopmail.com,Marline.Ephrem@gmail.com,firefighter
821,Amii,Madelene,Amii.Madelene@yopmail.com,Amii.Madelene@gmail.com,worker
822,Melodie,Riva,Melodie.Riva@yopmail.com,Melodie.Riva@gmail.com,worker
823,Gaylene,Beniamino,Gaylene.Beniamino@yopmail.com,Gaylene.Beniamino@gmail.com,police officer
824,Aili,Dominy,Aili.Dominy@yopmail.com,Aili.Dominy@gmail.com,police officer
825,Mady,Blake,Mady.Blake@yopmail.com,Mady.Blake@gmail.com,developer
826,Fidelia,Sigfrid,Fidelia.Sigfrid@yopmail.com,Fidelia.Sigfrid@gmail.com,doctor
827,Ayn,Tayib,Ayn.Tayib@yopmail.com,Ayn.Tayib@gmail.com,police officer
828,Dari,Luhe,Dari.Luhe@yopmail.com,Dari.Luhe@gmail.com,firefighter
829,Diena,Carolin,Diena.Carolin@yopmail.com,Diena.Carolin@gmail.com,firefighter
830,Eadie,Arquit,Eadie.Arquit@yopmail.com,Eadie.Arquit@gmail.com,worker
831,Quintina,Brian,Quintina.Brian@yopmail.com,Quintina.Brian@gmail.com,police officer
832,Adelle,Guildroy,Adelle.Guildroy@yopmail.com,Adelle.Guildroy@gmail.com,firefighter
833,Nickie,Grayce,Nickie.Grayce@yopmail.com,Nickie.Grayce@gmail.com,doctor
834,Lynea,Connelly,Lynea.Connelly@yopmail.com,Lynea.Connelly@gmail.com,doctor
835,Melisent,Kaja,Melisent.Kaja@yopmail.com,Melisent.Kaja@gmail.com,worker
836,Alex,Ciro,Alex.Ciro@yopmail.com,Alex.Ciro@gmail.com,developer
837,Alisha,Wesle,Alisha.Wesle@yopmail.com,Alisha.Wesle@gmail.com,developer
838,Lanae,Herrera,Lanae.Herrera@yopmail.com,Lanae.Herrera@gmail.com,developer
839,Gaylene,Destinee,Gaylene.Destinee@yopmail.com,Gaylene.Destinee@gmail.com,developer
840,Yolane,Toni,Yolane.Toni@yopmail.com,Yolane.Toni@gmail.com,developer
841,Leontine,Primalia,Leontine.Primalia@yopmail.com,Leontine.Primalia@gmail.com,developer
842,Nanete,Karna,Nanete.Karna@yopmail.com,Nanete.Karna@gmail.com,developer
843,Renie,Janith,Renie.Janith@yopmail.com,Renie.Janith@gmail.com,doctor
844,Binny,Berl,Binny.Berl@yopmail.com,Binny.Berl@gmail.com,developer
845,Nonnah,Nerita,Nonnah.Nerita@yopmail.com,Nonnah.Nerita@gmail.com,firefighter
846,Kate,Jacqui,Kate.Jacqui@yopmail.com,Kate.Jacqui@gmail.com,worker
847,Norine,Durante,Norine.Durante@yopmail.com,Norine.Durante@gmail.com,developer
848,Dorothy,Arne,Dorothy.Arne@yopmail.com,Dorothy.Arne@gmail.com,developer
849,Elora,Anderea,Elora.Anderea@yopmail.com,Elora.Anderea@gmail.com,doctor
850,Josephine,Karna,Josephine.Karna@yopmail.com,Josephine.Karna@gmail.com,doctor
851,Adriana,Firmin,Adriana.Firmin@yopmail.com,Adriana.Firmin@gmail.com,police officer
852,Asia,Carri,Asia.Carri@yopmail.com,Asia.Carri@gmail.com,developer
853,Wynne,Lutero,Wynne.Lutero@yopmail.com,Wynne.Lutero@gmail.com,worker
854,Flory,Matthew,Flory.Matthew@yopmail.com,Flory.Matthew@gmail.com,developer
855,Sean,Leopold,Sean.Leopold@yopmail.com,Sean.Leopold@gmail.com,worker
856,Lanna,Artie,Lanna.Artie@yopmail.com,Lanna.Artie@gmail.com,developer
857,Hope,Primalia,Hope.Primalia@yopmail.com,Hope.Primalia@gmail.com,police officer
858,Fredericka,Breed,Fredericka.Breed@yopmail.com,Fredericka.Breed@gmail.com,firefighter
859,Frances,Zenas,Frances.Zenas@yopmail.com,Frances.Zenas@gmail.com,doctor
860,Tiffie,Esmaria,Tiffie.Esmaria@yopmail.com,Tiffie.Esmaria@gmail.com,developer
861,Ariela,Barrus,Ariela.Barrus@yopmail.com,Ariela.Barrus@gmail.com,police officer
862,Dagmar,Lemuela,Dagmar.Lemuela@yopmail.com,Dagmar.Lemuela@gmail.com,worker
863,Kore,Wareing,Kore.Wareing@yopmail.com,Kore.Wareing@gmail.com,firefighter
864,Gabi,Afton,Gabi.Afton@yopmail.com,Gabi.Afton@gmail.com,developer
865,Pamella,Valoniah,Pamella.Valoniah@yopmail.com,Pamella.Valoniah@gmail.com,doctor
866,Roslyn,Elbertina,Roslyn.Elbertina@yopmail.com,Roslyn.Elbertina@gmail.com,doctor
867,Tarra,Chapland,Tarra.Chapland@yopmail.com,Tarra.Chapland@gmail.com,doctor
868,Letizia,Odysseus,Letizia.Odysseus@yopmail.com,Letizia.Odysseus@gmail.com,firefighter
869,Leia,Beebe,Leia.Beebe@yopmail.com,Leia.Beebe@gmail.com,worker
870,Florie,Charity,Florie.Charity@yopmail.com,Florie.Charity@gmail.com,developer
871,Nickie,Hanshaw,Nickie.Hanshaw@yopmail.com,Nickie.Hanshaw@gmail.com,doctor
872,Vinita,Shanley,Vinita.Shanley@yopmail.com,Vinita.Shanley@gmail.com,worker
873,Molli,Faust,Molli.Faust@yopmail.com,Molli.Faust@gmail.com,worker
874,Imojean,Ulphia,Imojean.Ulphia@yopmail.com,Imojean.Ulphia@gmail.com,developer
875,Tera,Barney,Tera.Barney@yopmail.com,Tera.Barney@gmail.com,worker
876,Edee,Slifka,Edee.Slifka@yopmail.com,Edee.Slifka@gmail.com,doctor
877,Elka,Sikorski,Elka.Sikorski@yopmail.com,Elka.Sikorski@gmail.com,worker
878,Sonni,Brandice,Sonni.Brandice@yopmail.com,Sonni.Brandice@gmail.com,police officer
879,Raquela,Peg,Raquela.Peg@yopmail.com,Raquela.Peg@gmail.com,doctor
880,Jan,Creamer,Jan.Creamer@yopmail.com,Jan.Creamer@gmail.com,doctor
881,Leontine,Zola,Leontine.Zola@yopmail.com,Leontine.Zola@gmail.com,worker
882,Ezmeralda,Erskine,Ezmeralda.Erskine@yopmail.com,Ezmeralda.Erskine@gmail.com,developer
883,Nelle,Sheng,Nelle.Sheng@yopmail.com,Nelle.Sheng@gmail.com,firefighter
884,Wendi,McCutcheon,Wendi.McCutcheon@yopmail.com,Wendi.McCutcheon@gmail.com,doctor
885,Corry,Joni,Corry.Joni@yopmail.com,Corry.Joni@gmail.com,developer
886,Wilma,Brodench,Wilma.Brodench@yopmail.com,Wilma.Brodench@gmail.com,worker
887,Debee,Allys,Debee.Allys@yopmail.com,Debee.Allys@gmail.com,developer
888,Therine,Seumas,Therine.Seumas@yopmail.com,Therine.Seumas@gmail.com,firefighter
889,Marinna,Knowling,Marinna.Knowling@yopmail.com,Marinna.Knowling@gmail.com,worker
890,Sheelagh,Alabaster,Sheelagh.Alabaster@yopmail.com,Sheelagh.Alabaster@gmail.com,developer
891,Xylina,Stevy,Xylina.Stevy@yopmail.com,Xylina.Stevy@gmail.com,doctor
892,Philis,Schalles,Philis.Schalles@yopmail.com,Philis.Schalles@gmail.com,police officer
893,Eolanda,Donoghue,Eolanda.Donoghue@yopmail.com,Eolanda.Donoghue@gmail.com,worker
894,Jolyn,Syd,Jolyn.Syd@yopmail.com,Jolyn.Syd@gmail.com,firefighter
895,Lulita,Monaco,Lulita.Monaco@yopmail.com,Lulita.Monaco@gmail.com,worker
896,Gerianna,Gillan,Gerianna.Gillan@yopmail.com,Gerianna.Gillan@gmail.com,doctor
897,Danika,Bari,Danika.Bari@yopmail.com,Danika.Bari@gmail.com,developer
898,Aubrie,Hewitt,Aubrie.Hewitt@yopmail.com,Aubrie.Hewitt@gmail.com,developer
899,Chrystel,Darian,Chrystel.Darian@yopmail.com,Chrystel.Darian@gmail.com,worker
900,Marylou,Bach,Marylou.Bach@yopmail.com,Marylou.Bach@gmail.com,police officer
901,Jobi,Crudden,Jobi.Crudden@yopmail.com,Jobi.Crudden@gmail.com,doctor
902,Bobinette,Uird,Bobinette.Uird@yopmail.com,Bobinette.Uird@gmail.com,worker
903,Raina,Velick,Raina.Velick@yopmail.com,Raina.Velick@gmail.com,developer
904,Merrie,Amethist,Merrie.Amethist@yopmail.com,Merrie.Amethist@gmail.com,firefighter
905,Juliane,Madaih,Juliane.Madaih@yopmail.com,Juliane.Madaih@gmail.com,doctor
906,Melina,Ahab,Melina.Ahab@yopmail.com,Melina.Ahab@gmail.com,worker
907,Tabbatha,Colleen,Tabbatha.Colleen@yopmail.com,Tabbatha.Colleen@gmail.com,worker
908,Calla,Chick,Calla.Chick@yopmail.com,Calla.Chick@gmail.com,firefighter
909,Robbi,Annice,Robbi.Annice@yopmail.com,Robbi.Annice@gmail.com,police officer
910,Chandra,Wolfgram,Chandra.Wolfgram@yopmail.com,Chandra.Wolfgram@gmail.com,developer
911,Lorne,Olin,Lorne.Olin@yopmail.com,Lorne.Olin@gmail.com,developer
912,Pollyanna,McClimans,Pollyanna.McClimans@yopmail.com,Pollyanna.McClimans@gmail.com,doctor
913,Hayley,Kaete,Hayley.Kaete@yopmail.com,Hayley.Kaete@gmail.com,developer
914,Glynnis,Reneta,Glynnis.Reneta@yopmail.com,Glynnis.Reneta@gmail.com,doctor
915,Annabela,Alisia,Annabela.Alisia@yopmail.com,Annabela.Alisia@gmail.com,police officer
916,Flo,Maryanne,Flo.Maryanne@yopmail.com,Flo.Maryanne@gmail.com,doctor
917,Ayn,Love,Ayn.Love@yopmail.com,Ayn.Love@gmail.com,doctor
918,Ketti,Uund,Ketti.Uund@yopmail.com,Ketti.Uund@gmail.com,police officer
919,Dulce,Tatianas,Dulce.Tatianas@yopmail.com,Dulce.Tatianas@gmail.com,firefighter
920,Tressa,Iphlgenia,Tressa.Iphlgenia@yopmail.com,Tressa.Iphlgenia@gmail.com,worker
921,Mathilda,Barrus,Mathilda.Barrus@yopmail.com,Mathilda.Barrus@gmail.com,doctor
922,Maisey,Cristi,Maisey.Cristi@yopmail.com,Maisey.Cristi@gmail.com,worker
923,Dulce,Marisa,Dulce.Marisa@yopmail.com,Dulce.Marisa@gmail.com,developer
924,Mireielle,Quinn,Mireielle.Quinn@yopmail.com,Mireielle.Quinn@gmail.com,developer
925,Dawn,Stuart,Dawn.Stuart@yopmail.com,Dawn.Stuart@gmail.com,police officer
926,Jorry,Emmaline,Jorry.Emmaline@yopmail.com,Jorry.Emmaline@gmail.com,developer
927,Zaria,Maples,Zaria.Maples@yopmail.com,Zaria.Maples@gmail.com,doctor
928,Flory,Chandler,Flory.Chandler@yopmail.com,Flory.Chandler@gmail.com,worker
929,Yolane,Blase,Yolane.Blase@yopmail.com,Yolane.Blase@gmail.com,police officer
930,Ida,Jagir,Ida.Jagir@yopmail.com,Ida.Jagir@gmail.com,doctor
931,Jennica,Kolnick,Jennica.Kolnick@yopmail.com,Jennica.Kolnick@gmail.com,worker
932,Riannon,Charity,Riannon.Charity@yopmail.com,Riannon.Charity@gmail.com,police officer
933,Genevra,Edison,Genevra.Edison@yopmail.com,Genevra.Edison@gmail.com,worker
934,Elsie,Percy,Elsie.Percy@yopmail.com,Elsie.Percy@gmail.com,developer
935,Brietta,Read,Brietta.Read@yopmail.com,Brietta.Read@gmail.com,developer
936,Hollie,Shanley,Hollie.Shanley@yopmail.com,Hollie.Shanley@gmail.com,developer
937,Candi,Fairweather,Candi.Fairweather@yopmail.com,Candi.Fairweather@gmail.com,worker
938,Lenna,Markman,Lenna.Markman@yopmail.com,Lenna.Markman@gmail.com,police officer
939,Zondra,Darian,Zondra.Darian@yopmail.com,Zondra.Darian@gmail.com,doctor
940,Carly,Cyrie,Carly.Cyrie@yopmail.com,Carly.Cyrie@gmail.com,worker
941,Lacie,Mozelle,Lacie.Mozelle@yopmail.com,Lacie.Mozelle@gmail.com,worker
942,Florencia,Beebe,Florencia.Beebe@yopmail.com,Florencia.Beebe@gmail.com,firefighter
943,Beatriz,Sawtelle,Beatriz.Sawtelle@yopmail.com,Beatriz.Sawtelle@gmail.com,developer
944,Cissiee,Fontana,Cissiee.Fontana@yopmail.com,Cissiee.Fontana@gmail.com,developer
945,Tabbatha,Gunn,Tabbatha.Gunn@yopmail.com,Tabbatha.Gunn@gmail.com,firefighter
946,Sheelagh,Kermit,Sheelagh.Kermit@yopmail.com,Sheelagh.Kermit@gmail.com,firefighter
947,Jessamyn,Forrer,Jessamyn.Forrer@yopmail.com,Jessamyn.Forrer@gmail.com,doctor
948,Meriel,Felizio,Meriel.Felizio@yopmail.com,Meriel.Felizio@gmail.com,developer
949,Rubie,Viddah,Rubie.Viddah@yopmail.com,Rubie.Viddah@gmail.com,developer
950,Lyssa,Yorick,Lyssa.Yorick@yopmail.com,Lyssa.Yorick@gmail.com,developer
951,Ronna,Miru,Ronna.Miru@yopmail.com,Ronna.Miru@gmail.com,firefighter
952,Florencia,Lory,Florencia.Lory@yopmail.com,Florencia.Lory@gmail.com,police officer
953,Dode,Tayib,Dode.Tayib@yopmail.com,Dode.Tayib@gmail.com,police officer
954,Miquela,Kannry,Miquela.Kannry@yopmail.com,Miquela.Kannry@gmail.com,doctor
955,Robinia,Vittoria,Robinia.Vittoria@yopmail.com,Robinia.Vittoria@gmail.com,firefighter
956,Hildegaard,Greenwald,Hildegaard.Greenwald@yopmail.com,Hildegaard.Greenwald@gmail.com,worker
957,Jany,Fancie,Jany.Fancie@yopmail.com,Jany.Fancie@gmail.com,developer
958,Alyda,Winthorpe,Alyda.Winthorpe@yopmail.com,Alyda.Winthorpe@gmail.com,firefighter
959,Dania,Dash,Dania.Dash@yopmail.com,Dania.Dash@gmail.com,developer
960,Philis,Vary,Philis.Vary@yopmail.com,Philis.Vary@gmail.com,worker
961,Abbie,Ethban,Abbie.Ethban@yopmail.com,Abbie.Ethban@gmail.com,firefighter
962,Rozele,Mott,Rozele.Mott@yopmail.com,Rozele.Mott@gmail.com,worker
963,Zondra,Hazlett,Zondra.Hazlett@yopmail.com,Zondra.Hazlett@gmail.com,police officer
964,Mathilda,Monaco,Mathilda.Monaco@yopmail.com,Mathilda.Monaco@gmail.com,firefighter
965,Sonni,Ciapas,Sonni.Ciapas@yopmail.com,Sonni.Ciapas@gmail.com,doctor
966,Jan,Erlandson,Jan.Erlandson@yopmail.com,Jan.Erlandson@gmail.com,police officer
967,Mellicent,Othilia,Mellicent.Othilia@yopmail.com,Mellicent.Othilia@gmail.com,doctor
968,Gerrie,Helve,Gerrie.Helve@yopmail.com,Gerrie.Helve@gmail.com,firefighter
969,Clementine,Ehrman,Clementine.Ehrman@yopmail.com,Clementine.Ehrman@gmail.com,police officer
970,Flo,Magnolia,Flo.Magnolia@yopmail.com,Flo.Magnolia@gmail.com,police officer
971,Margarette,Berne,Margarette.Berne@yopmail.com,Margarette.Berne@gmail.com,doctor
972,Regina,Neva,Regina.Neva@yopmail.com,Regina.Neva@gmail.com,developer
973,Tressa,Reinke,Tressa.Reinke@yopmail.com,Tressa.Reinke@gmail.com,firefighter
974,Pierette,Vins,Pierette.Vins@yopmail.com,Pierette.Vins@gmail.com,doctor
975,Jolyn,Primalia,Jolyn.Primalia@yopmail.com,Jolyn.Primalia@gmail.com,worker
976,Zsa Zsa,Evvie,Zsa Zsa.Evvie@yopmail.com,Zsa Zsa.Evvie@gmail.com,police officer
977,Daphne,Dex,Daphne.Dex@yopmail.com,Daphne.Dex@gmail.com,doctor
978,Elfreda,Alice,Elfreda.Alice@yopmail.com,Elfreda.Alice@gmail.com,developer
979,Deirdre,Mitzi,Deirdre.Mitzi@yopmail.com,Deirdre.Mitzi@gmail.com,worker
980,Tiffie,Dimitris,Tiffie.Dimitris@yopmail.com,Tiffie.Dimitris@gmail.com,doctor
981,Sandie,Markman,Sandie.Markman@yopmail.com,Sandie.Markman@gmail.com,developer
982,Glenda,Hoban,Glenda.Hoban@yopmail.com,Glenda.Hoban@gmail.com,doctor
983,Xylina,Eliathas,Xylina.Eliathas@yopmail.com,Xylina.Eliathas@gmail.com,worker
984,Zia,Gwenore,Zia.Gwenore@yopmail.com,Zia.Gwenore@gmail.com,police officer
985,Oona,Heisel,Oona.Heisel@yopmail.com,Oona.Heisel@gmail.com,developer
986,Ursulina,Posner,Ursulina.Posner@yopmail.com,Ursulina.Posner@gmail.com,firefighter
987,Penelopa,Lemuela,Penelopa.Lemuela@yopmail.com,Penelopa.Lemuela@gmail.com,police officer
988,Paule,Fulmer,Paule.Fulmer@yopmail.com,Paule.Fulmer@gmail.com,doctor
989,Chloris,Christal,Chloris.Christal@yopmail.com,Chloris.Christal@gmail.com,doctor
990,Susan,Viddah,Susan.Viddah@yopmail.com,Susan.Viddah@gmail.com,worker
991,Leontine,Rurik,Leontine.Rurik@yopmail.com,Leontine.Rurik@gmail.com,worker
992,Thalia,Dearborn,Thalia.Dearborn@yopmail.com,Thalia.Dearborn@gmail.com,doctor
993,Brynna,Herrera,Brynna.Herrera@yopmail.com,Brynna.Herrera@gmail.com,doctor
994,Daryl,Salvidor,Daryl.Salvidor@yopmail.com,Daryl.Salvidor@gmail.com,developer
995,Laurene,Roarke,Laurene.Roarke@yopmail.com,Laurene.Roarke@gmail.com,developer
996,Lanae,Anestassia,Lanae.Anestassia@yopmail.com,Lanae.Anestassia@gmail.com,firefighter
997,Odessa,Ax,Odessa.Ax@yopmail.com,Odessa.Ax@gmail.com,doctor
998,Justinn,Ade,Justinn.Ade@yopmail.com,Justinn.Ade@gmail.com,worker
999,Jinny,Stoller,Jinny.Stoller@yopmail.com,Jinny.Stoller@gmail.com,doctor
1000,Dede,Bronk,Dede.Bronk@yopmail.com,Dede.Bronk@gmail.com,developer
1001,Brandise,Malvino,Brandise.Malvino@yopmail.com,Brandise.Malvino@gmail.com,developer
1002,Tomasina,Braun,Tomasina.Braun@yopmail.com,Tomasina.Braun@gmail.com,firefighter
1003,Lanna,Norrie,Lanna.Norrie@yopmail.com,Lanna.Norrie@gmail.com,firefighter
1004,Jemie,Eachern,Jemie.Eachern@yopmail.com,Jemie.Eachern@gmail.com,police officer
1005,Anica,Warthman,Anica.Warthman@yopmail.com,Anica.Warthman@gmail.com,police officer
1006,Jany,Vary,Jany.Vary@yopmail.com,Jany.Vary@gmail.com,doctor
1007,Genevra,Moina,Genevra.Moina@yopmail.com,Genevra.Moina@gmail.com,worker
1008,Wileen,Gale,Wileen.Gale@yopmail.com,Wileen.Gale@gmail.com,worker
1009,Gavrielle,Cosenza,Gavrielle.Cosenza@yopmail.com,Gavrielle.Cosenza@gmail.com,doctor
1010,Doralynne,Mauer,Doralynne.Mauer@yopmail.com,Doralynne.Mauer@gmail.com,firefighter
1011,Genovera,Giule,Genovera.Giule@yopmail.com,Genovera.Giule@gmail.com,developer
1012,Max,Sperling,Max.Sperling@yopmail.com,Max.Sperling@gmail.com,firefighter
1013,Amara,Leonard,Amara.Leonard@yopmail.com,Amara.Leonard@gmail.com,doctor
1014,Kayla,Chrystel,Kayla.Chrystel@yopmail.com,Kayla.Chrystel@gmail.com,firefighter
1015,Rosaline,Leopold,Rosaline.Leopold@yopmail.com,Rosaline.Leopold@gmail.com,doctor
1016,Selia,Edison,Selia.Edison@yopmail.com,Selia.Edison@gmail.com,worker
1017,Gertrud,Breed,Gertrud.Breed@yopmail.com,Gertrud.Breed@gmail.com,firefighter
1018,Cissiee,Beebe,Cissiee.Beebe@yopmail.com,Cissiee.Beebe@gmail.com,doctor
1019,Agnese,Edison,Agnese.Edison@yopmail.com,Agnese.Edison@gmail.com,doctor
1020,Romona,Hamil,Romona.Hamil@yopmail.com,Romona.Hamil@gmail.com,doctor
1021,Viki,Dituri,Viki.Dituri@yopmail.com,Viki.Dituri@gmail.com,police officer
1022,Carmencita,Rosalba,Carmencita.Rosalba@yopmail.com,Carmencita.Rosalba@gmail.com,developer
1023,Kellen,Christal,Kellen.Christal@yopmail.com,Kellen.Christal@gmail.com,firefighter
1024,Tomasina,Clie,Tomasina.Clie@yopmail.com,Tomasina.Clie@gmail.com,firefighter
1025,Aurore,Alcott,Aurore.Alcott@yopmail.com,Aurore.Alcott@gmail.com,police officer
1026,Ingrid,Prouty,Ingrid.Prouty@yopmail.com,Ingrid.Prouty@gmail.com,doctor
1027,Max,Weitman,Max.Weitman@yopmail.com,Max.Weitman@gmail.com,doctor
1028,Ruthe,Nunci,Ruthe.Nunci@yopmail.com,Ruthe.Nunci@gmail.com,developer
1029,Felice,Dyche,Felice.Dyche@yopmail.com,Felice.Dyche@gmail.com,police officer
1030,Candi,Sekofski,Candi.Sekofski@yopmail.com,Candi.Sekofski@gmail.com,developer
1031,Regina,Devlen,Regina.Devlen@yopmail.com,Regina.Devlen@gmail.com,police officer
1032,Helena,Barney,Helena.Barney@yopmail.com,Helena.Barney@gmail.com,developer
1033,Nataline,McAdams,Nataline.McAdams@yopmail.com,Nataline.McAdams@gmail.com,police officer
1034,Roslyn,Cimbura,Roslyn.Cimbura@yopmail.com,Roslyn.Cimbura@gmail.com,doctor
1035,Allis,Hubert,Allis.Hubert@yopmail.com,Allis.Hubert@gmail.com,police officer
1036,Luci,Stoller,Luci.Stoller@yopmail.com,Luci.Stoller@gmail.com,worker
1037,Lyssa,Lacombe,Lyssa.Lacombe@yopmail.com,Lyssa.Lacombe@gmail.com,developer
1038,Roseline,Hull,Roseline.Hull@yopmail.com,Roseline.Hull@gmail.com,worker
1039,Rosene,Jehu,Rosene.Jehu@yopmail.com,Rosene.Jehu@gmail.com,doctor
1040,Aigneis,Longfellow,Aigneis.Longfellow@yopmail.com,Aigneis.Longfellow@gmail.com,police officer
1041,Daphne,Lail,Daphne.Lail@yopmail.com,Daphne.Lail@gmail.com,police officer
1042,Frieda,Maiah,Frieda.Maiah@yopmail.com,Frieda.Maiah@gmail.com,firefighter
1043,Caryl,Liebermann,Caryl.Liebermann@yopmail.com,Caryl.Liebermann@gmail.com,worker
1044,Frank,McClimans,Frank.McClimans@yopmail.com,Frank.McClimans@gmail.com,firefighter
1045,Wilma,Dielu,Wilma.Dielu@yopmail.com,Wilma.Dielu@gmail.com,police officer
1046,Olivette,Leonard,Olivette.Leonard@yopmail.com,Olivette.Leonard@gmail.com,firefighter
1047,Madeleine,Hillel,Madeleine.Hillel@yopmail.com,Madeleine.Hillel@gmail.com,police officer
1048,Jsandye,Yate,Jsandye.Yate@yopmail.com,Jsandye.Yate@gmail.com,worker
1049,Fanny,Nester,Fanny.Nester@yopmail.com,Fanny.Nester@gmail.com,developer
1050,Ana,Tillford,Ana.Tillford@yopmail.com,Ana.Tillford@gmail.com,doctor
1051,Millie,Bultman,Millie.Bultman@yopmail.com,Millie.Bultman@gmail.com,doctor
1052,Julieta,Bach,Julieta.Bach@yopmail.com,Julieta.Bach@gmail.com,developer
1053,Nyssa,Charmine,Nyssa.Charmine@yopmail.com,Nyssa.Charmine@gmail.com,worker
1054,Charlena,Kussell,Charlena.Kussell@yopmail.com,Charlena.Kussell@gmail.com,police officer
1055,Rivalee,Johnsson,Rivalee.Johnsson@yopmail.com,Rivalee.Johnsson@gmail.com,firefighter
1056,Sonni,Tice,Sonni.Tice@yopmail.com,Sonni.Tice@gmail.com,developer
1057,Agathe,Yoko,Agathe.Yoko@yopmail.com,Agathe.Yoko@gmail.com,police officer
1058,Layla,Gert,Layla.Gert@yopmail.com,Layla.Gert@gmail.com,firefighter
1059,Estell,Kronfeld,Estell.Kronfeld@yopmail.com,Estell.Kronfeld@gmail.com,developer
1060,Fernande,Schonfeld,Fernande.Schonfeld@yopmail.com,Fernande.Schonfeld@gmail.com,developer
1061,Monika,Zachary,Monika.Zachary@yopmail.com,Monika.Zachary@gmail.com,police officer
1062,Aaren,Pond,Aaren.Pond@yopmail.com,Aaren.Pond@gmail.com,doctor
1063,Carlie,Macey,Carlie.Macey@yopmail.com,Carlie.Macey@gmail.com,developer
1064,Jacquetta,Mandler,Jacquetta.Mandler@yopmail.com,Jacquetta.Mandler@gmail.com,worker
1065,Shirlee,Delila,Shirlee.Delila@yopmail.com,Shirlee.Delila@gmail.com,worker
1066,Inga,Carleen,Inga.Carleen@yopmail.com,Inga.Carleen@gmail.com,firefighter
1067,Carly,Arvo,Carly.Arvo@yopmail.com,Carly.Arvo@gmail.com,developer
1068,Vere,Rubie,Vere.Rubie@yopmail.com,Vere.Rubie@gmail.com,worker
1069,Raf,Konyn,Raf.Konyn@yopmail.com,Raf.Konyn@gmail.com,police officer
1070,Gwyneth,Middleton,Gwyneth.Middleton@yopmail.com,Gwyneth.Middleton@gmail.com,firefighter
1071,Corry,Gaal,Corry.Gaal@yopmail.com,Corry.Gaal@gmail.com,developer
1072,Glenda,Lea,Glenda.Lea@yopmail.com,Glenda.Lea@gmail.com,firefighter
1073,Belva,Loeb,Belva.Loeb@yopmail.com,Belva.Loeb@gmail.com,firefighter
1074,Dione,Sherrie,Dione.Sherrie@yopmail.com,Dione.Sherrie@gmail.com,worker
1075,Chandra,Zuzana,Chandra.Zuzana@yopmail.com,Chandra.Zuzana@gmail.com,firefighter
1076,Rosabelle,Hachmin,Rosabelle.Hachmin@yopmail.com,Rosabelle.Hachmin@gmail.com,firefighter
1077,Wileen,Vacuva,Wileen.Vacuva@yopmail.com,Wileen.Vacuva@gmail.com,developer
1078,Karly,Radu,Karly.Radu@yopmail.com,Karly.Radu@gmail.com,worker
1079,Cindelyn,Amasa,Cindelyn.Amasa@yopmail.com,Cindelyn.Amasa@gmail.com,doctor
1080,Thalia,Baudin,Thalia.Baudin@yopmail.com,Thalia.Baudin@gmail.com,developer
1081,Wilma,Malvino,Wilma.Malvino@yopmail.com,Wilma.Malvino@gmail.com,worker
1082,Courtnay,Santoro,Courtnay.Santoro@yopmail.com,Courtnay.Santoro@gmail.com,police officer
1083,Trudie,Stelle,Trudie.Stelle@yopmail.com,Trudie.Stelle@gmail.com,firefighter
1084,Carmencita,Leler,Carmencita.Leler@yopmail.com,Carmencita.Leler@gmail.com,developer
1085,Katharina,Kevon,Katharina.Kevon@yopmail.com,Katharina.Kevon@gmail.com,police officer
1086,Judy,Gaynor,Judy.Gaynor@yopmail.com,Judy.Gaynor@gmail.com,worker
1087,Bill,Ade,Bill.Ade@yopmail.com,Bill.Ade@gmail.com,developer
1088,Thalia,Colbert,Thalia.Colbert@yopmail.com,Thalia.Colbert@gmail.com,firefighter
1089,Daune,Himelman,Daune.Himelman@yopmail.com,Daune.Himelman@gmail.com,doctor
1090,Aeriela,McLaughlin,Aeriela.McLaughlin@yopmail.com,Aeriela.McLaughlin@gmail.com,firefighter
1091,Hannis,Himelman,Hannis.Himelman@yopmail.com,Hannis.Himelman@gmail.com,firefighter
1092,Sallie,Viddah,Sallie.Viddah@yopmail.com,Sallie.Viddah@gmail.com,developer
1093,Selma,Lattie,Selma.Lattie@yopmail.com,Selma.Lattie@gmail.com,doctor
1094,Dotty,Camden,Dotty.Camden@yopmail.com,Dotty.Camden@gmail.com,doctor
1095,Tera,Middleton,Tera.Middleton@yopmail.com,Tera.Middleton@gmail.com,doctor
1096,Yetty,Mott,Yetty.Mott@yopmail.com,Yetty.Mott@gmail.com,doctor
1097,Brandise,Ferino,Brandise.Ferino@yopmail.com,Brandise.Ferino@gmail.com,doctor
1098,Kristan,Sacken,Kristan.Sacken@yopmail.com,Kristan.Sacken@gmail.com,firefighter
1099,Bobbi,Peg,Bobbi.Peg@yopmail.com,Bobbi.Peg@gmail.com,worker